WORD,COUNT,RANK
the,646,1
and,544,2
to,383,3
of,337,4
i,314,5
a,238,6
that,220,7
my,201,8
in,195,9
is,175,10
you,166,11
with,152,12
not,145,13
his,143,14
macb.,137,15
it,134,16
be,132,17
your,126,18
our,123,19
but,120,20
haue,119,21
for,107,22
he,107,23
what,100,24
this,95,25
as,85,26
thou,85,27
we,82,28
so,78,29
which,78,30
enter,74,31
me,74,32
all,73,33
will,69,34
they,68,35
shall,67,36
are,65,37
no,63,38
their,62,39
macd.,58,40
vpon,58,41
then,57,42
from,56,43
him,56,44
thy,56,45
hath,52,46
yet,52,47
on,51,48
at,49,49
by,47,50
would,45,51
was,44,52
thee,43,53
good,42,54
if,42,55
vs,42,56
lady.,41,57
now,40,58
rosse.,40,59
should,40,60
who,40,61
when,39,62
did,38,63
do,38,64
make,38,65
were,38,66
like,37,67
more,37,68
or,37,69
come,36,70
her,36,71
must,36,72
'tis,35,73
ile,35,74
let,35,75
where,34,76
had,32,77
how,32,78
why,31,79
doe,30,80
great,30,81
am,29,82
exeunt.,29,83
may,29,84
there,29,85
an,28,86
know,26,87
macbeth,26,88
th',26,89
them,26,90
mal.,25,91
one,25,92
see,25,93
banq.,24,94
can,24,95
giue,24,96
"macbeth,",24,97
nor,24,98
such,24,99
those,24,100
most,22,101
say,22,102
scena,22,103
these,22,104
1.,21,105
la.,21,106
looke,21,107
"me,",21,108
things,21,109
time,21,110
cannot,20,111
doct.,20,112
lenox.,20,113
mine,20,114
speake,20,115
till,20,116
vp,20,117
done,19,118
thane,19,119
"time,",19,120
too,19,121
wife.,19,122
heare,18,123
"him,",18,124
"king,",18,125
king.,18,126
"sir,",18,127
"lord,",17,128
night,17,129
she,17,130
some,17,131
take,17,132
though,17,133
all.,16,134
do's,16,135
euery,16,136
feare,16,137
man,16,138
out,16,139
put,16,140
"well,",16,141
both,15,142
"come,",15,143
ere,15,144
ha's,15,145
heere,15,146
i'th',15,147
king,15,148
malc.,15,149
owne,15,150
poore,15,151
selfe,15,152
worthy,15,153
3.,14,154
against,14,155
before,14,156
could,14,157
"i,",14,158
shew,14,159
son.,14,160
there's,14,161
whose,14,162
"you,",14,163
banquo,13,164
"banquo,",13,165
blood,13,166
bloody,13,167
each,13,168
haile,13,169
heart,13,170
"it,",13,171
o,13,172
o'th',13,173
pray,13,174
"say,",13,175
sey.,13,176
strange,13,177
three,13,178
well,13,179
without,13,180
2.,12,181
exit,12,182
god,12,183
goe,12,184
into,12,185
keepe,12,186
made,12,187
nature,12,188
neuer,12,189
new,12,190
noble,12,191
nothing,12,192
what's,12,193
1,11,194
art,11,195
comes,11,196
dare,11,197
day,11,198
finde,11,199
gent.,11,200
leaue,11,201
much,11,202
"not,",11,203
sleepe,11,204
still,11,205
"them,",11,206
very,11,207
way,11,208
againe,10,209
else,10,210
euen,10,211
go,10,212
heauen,10,213
lord,10,214
mac.,10,215
name,10,216
stand,10,217
thinke,10,218
whom,10,219
about,9,220
beene,9,221
being,9,222
borne,9,223
bring,9,224
"feare,",9,225
first,9,226
full,9,227
get,9,228
here,9,229
knock.,9,230
life,9,231
loue,9,232
macbeth.,9,233
many,9,234
me.,9,235
onely,9,236
royall,9,237
tell,9,238
that's,9,239
thought,9,240
thus,9,241
two,9,242
within,9,243
wood,9,244
you:,9,245
2,8,246
almost,8,247
any,8,248
beare,8,249
best,8,250
"blood,",8,251
call,8,252
cawdor,8,253
dayes,8,254
death,8,255
euer,8,256
father,8,257
hang,8,258
heard,8,259
highnesse,8,260
is't,8,261
it.,8,262
"lenox,",8,263
lesse,8,264
"malcolme,",8,265
men,8,266
"night,",8,267
none,8,268
old,8,269
once,8,270
other,8,271
"selfe,",8,272
"sleepe,",8,273
"thee,",8,274
thoughts,8,275
you.,8,276
ban.,7,277
better,7,278
bid,7,279
"dead,",7,280
"death,",7,281
deed,7,282
"doe,",7,283
does,7,284
"done,",7,285
"double,",7,286
enter.,7,287
eye,7,288
goes,7,289
gracious,7,290
hand,7,291
hee,7,292
him.,7,293
hold,7,294
knowne,7,295
let's,7,296
liues,7,297
"men,",7,298
might,7,299
mur.,7,300
"out,",7,301
rather,7,302
seeme,7,303
selfe.,7,304
seruant.,7,305
set,7,306
shake,7,307
sir,7,308
sit,7,309
thine,7,310
throw,7,311
vnder,7,312
wee'l,7,313
who's,7,314
"wife,",7,315
within.,7,316
3,6,317
after,6,318
"away,",6,319
ayre,6,320
banquo.,6,321
"bed,",6,322
breath,6,323
done:,6,324
doth,6,325
downe,6,326
drinke,6,327
duncan,6,328
earth,6,329
english,6,330
false,6,331
fell,6,332
forth,6,333
gentle,6,334
giuen,6,335
"hand,",6,336
hands,6,337
hast,6,338
himselfe,6,339
honor,6,340
"knock,",6,341
knowes,6,342
light,6,343
little,6,344
liue,6,345
"macduffe,",6,346
macduffe.,6,347
"man,",6,348
meet,6,349
more:,6,350
"morrow,",6,351
mortall,6,352
"nature,",6,353
please,6,354
power,6,355
rest,6,356
"rosse,",6,357
scotland,6,358
seene,6,359
"seyward,",6,360
shalt,6,361
"so,",6,362
thee:,6,363
them:,6,364
"this,",6,365
through,6,366
thunder.,6,367
tyrant,6,368
tyrants,6,369
welcome,6,370
whence,6,371
while,6,372
woman,6,373
would'st,6,374
actus,5,375
alarum,5,376
another,5,377
answer,5,378
attend,5,379
attendants.,5,380
banquo's,5,381
came,5,382
cauldron,5,383
"cawdor,",5,384
"day,",5,385
desire,5,386
downe:,5,387
eyes,5,388
"face,",5,389
fall,5,390
feares,5,391
fight,5,392
"fight,",5,393
fill,5,394
fleans,5,395
fled,5,396
flourish.,5,397
"fortune,",5,398
friends,5,399
grace,5,400
hand.,5,401
"hearke,",5,402
hee's,5,403
hence,5,404
"her,",5,405
high,5,406
hope,5,407
houre,5,408
innocent,5,409
knocking,5,410
"know,",5,411
last,5,412
left,5,413
len.,5,414
"life,",5,415
lord.,5,416
lords.,5,417
"loue,",5,418
lye,5,419
"macduff,",5,420
makes,5,421
man.,5,422
master,5,423
me:,5,424
ment.,5,425
minde,5,426
murther,5,427
natures,5,428
neere,5,429
nights,5,430
now?,5,431
off,5,432
"one,",5,433
"other,",5,434
"peace,",5,435
place,5,436
powre,5,437
present,5,438
prima.,5,439
receiue,5,440
report,5,441
returne,5,442
secunda.,5,443
seemes,5,444
send,5,445
since,5,446
so:,5,447
speake:,5,448
stands,5,449
stay,5,450
strike,5,451
strong,5,452
sword,5,453
takes,5,454
ten,5,455
tertia.,5,456
thankes,5,457
"then,",5,458
there?,5,459
thing,5,460
tongue,5,461
toth',5,462
toward,5,463
truth,5,464
"vs,",5,465
wife,5,466
words,5,467
world,5,468
you?,5,469
'gainst,4,470
1.murth.,4,471
all's,4,472
"all,",4,473
ang.,4,474
appar.,4,475
"are,",4,476
away,4,477
bad,4,478
become,4,479
"before,",4,480
bene,4,481
broke,4,482
bubble,4,483
businesse,4,484
call'd,4,485
cause,4,486
certaine,4,487
colours.,4,488
comfort,4,489
command,4,490
cry,4,491
daggers,4,492
dead,4,493
dearest,4,494
diuell,4,495
double,4,496
"downe,",4,497
drum,4,498
"dunsinane,",4,499
england,4,500
enough:,4,501
"euer,",4,502
"eye,",4,503
face,4,504
faire,4,505
fatall,4,506
fate,4,507
feare.,4,508
feare:,4,509
feele,4,510
fire,4,511
fit,4,512
flye,4,513
"flye,",4,514
former,4,515
free,4,516
"further,",4,517
golden,4,518
gone,4,519
"grace,",4,520
"hands,",4,521
health,4,522
heauie,4,523
heere's,4,524
"heere,",4,525
helpe,4,526
here's,4,527
hide,4,528
honest,4,529
"houre,",4,530
issue,4,531
keepes,4,532
"kings,",4,533
kings.,4,534
"lady,",4,535
laugh,4,536
lay,4,537
least,4,538
lyes,4,539
macbeths,4,540
macduffe,4,541
malcolme,4,542
man:,4,543
mes.,4,544
messenger.,4,545
"minde,",4,546
"more,",4,547
morrow,4,548
murther'd,4,549
need,4,550
not.,4,551
note,4,552
"now,",4,553
"o,",4,554
often,4,555
oh,4,556
on:,4,557
performe,4,558
play,4,559
pronounce,4,560
prythee,4,561
quarta.,4,562
reason,4,563
remember,4,564
rise,4,565
safe,4,566
said,4,567
saw,4,568
scaena,4,569
"scotland,",4,570
second,4,571
"see,",4,572
"seyton,",4,573
"sight,",4,574
so?,4,575
something,4,576
sonne,4,577
"sonne,",4,578
sorrow,4,579
sound,4,580
spend,4,581
state,4,582
"still,",4,583
sweet,4,584
sword:,4,585
terrible,4,586
"thane,",4,587
thanke,4,588
thither,4,589
"thought,",4,590
thousand,4,591
thrice,4,592
title,4,593
too:,4,594
towards,4,595
"trouble,",4,596
true,4,597
violent,4,598
vs:,4,599
vse,4,600
was't,4,601
wee,4,602
went,4,603
"what,",4,604
whether,4,605
whiles,4,606
whole,4,607
witches.,4,608
wrought,4,609
y.sey.,4,610
yeeld,4,611
young,4,612
'em,3,613
'twere,3,614
(as,3,615
absolute,3,616
affraid,3,617
"againe,",3,618
againe.,3,619
againe:,3,620
alarums.,3,621
aliue,3,622
already,3,623
"ambition,",3,624
amen,3,625
"angus,",3,626
angus.,3,627
anon,3,628
applaud,3,629
approach,3,630
"arme,",3,631
"art,",3,632
"awake,",3,633
"ayre,",3,634
ayre:,3,635
"be,",3,636
bed.,3,637
been,3,638
began,3,639
bell,3,640
bin,3,641
black,3,642
blacke,3,643
blesse,3,644
blow,3,645
boyle,3,646
breake,3,647
"burne,",3,648
"businesse,",3,649
byrnane,3,650
cap.,3,651
care,3,652
cast,3,653
castle,3,654
castles,3,655
catch,3,656
cath.,3,657
cawdor.,3,658
cawdor?,3,659
"chamber,",3,660
chance,3,661
charme,3,662
cheere,3,663
children,3,664
cold,3,665
comming,3,666
countries,3,667
country,3,668
crowne,3,669
cruell,3,670
"cry,",3,671
damn'd,3,672
damned,3,673
darke,3,674
deed:,3,675
deepe,3,676
"deepe,",3,677
deere,3,678
didst,3,679
"do,",3,680
"doctor,",3,681
"donalbaine,",3,682
doubt,3,683
due,3,684
duncane,3,685
duncans,3,686
dunsinane,3,687
dy'de,3,688
"eare,",3,689
eate,3,690
enemie,3,691
"england,",3,692
execution,3,693
faces,3,694
"false,",3,695
farre,3,696
fast,3,697
father?,3,698
feast,3,699
"foole,",3,700
foule,3,701
found,3,702
"friends,",3,703
further,3,704
gashes,3,705
generall,3,706
giues,3,707
"glamys,",3,708
gods,3,709
"gone,",3,710
graces,3,711
greater,3,712
groomes,3,713
growes,3,714
guest,3,715
halfe,3,716
hand:,3,717
hard,3,718
hayle,3,719
"head,",3,720
"heart,",3,721
"heauen,",3,722
hell,3,723
"hell,",3,724
"here,",3,725
here?,3,726
him:,3,727
him;,3,728
"hold,",3,729
holy,3,730
"honor,",3,731
honors,3,732
hopes,3,733
horrible,3,734
horrid,3,735
"horror,",3,736
horses,3,737
husband?,3,738
"in,",3,739
indeed,3,740
"is,",3,741
kill,3,742
kill'd,3,743
kinde,3,744
knocke.,3,745
labour,3,746
lacke,3,747
lad.,3,748
"last,",3,749
"late,",3,750
liu'd,3,751
look'd,3,752
lord:,3,753
lost,3,754
"lost,",3,755
loues,3,756
"lye,",3,757
maiesty,3,758
mallice,3,759
mans,3,760
may'st,3,761
me?,3,762
meere,3,763
meeting,3,764
met,3,765
milke,3,766
"mine,",3,767
murth.,3,768
"murther,",3,769
murtherers.,3,770
murthers,3,771
newest,3,772
night.,3,773
no:,3,774
norweyan,3,775
not:,3,776
"nothing,",3,777
now.,3,778
o're,3,779
"obedience,",3,780
"oh,",3,781
"on,",3,782
owle,3,783
pay,3,784
point,3,785
port.,3,786
porter.,3,787
pretty,3,788
purpose,3,789
question,3,790
quinta.,3,791
"ready,",3,792
remembrance,3,793
remoue,3,794
"report,",3,795
ring,3,796
rosse,3,797
sea,3,798
seeke,3,799
sent,3,800
ser.,3,801
seruant,3,802
sexta.,3,803
shame,3,804
shut,3,805
sides,3,806
sight,3,807
single,3,808
"sisters,",3,809
sleepe:,3,810
sonnes,3,811
soone,3,812
"sorrow,",3,813
soules,3,814
"speake,",3,815
spirits,3,816
spoke,3,817
spoken,3,818
"sprights,",3,819
"state,",3,820
successe:,3,821
summons,3,822
sundry,3,823
sunne,3,824
"swift,",3,825
thanes,3,826
"thanes,",3,827
that:,3,828
thee.,3,829
them.,3,830
themselues,3,831
"themselues,",3,832
thence,3,833
there:,3,834
therefore,3,835
thick,3,836
"thine,",3,837
this?,3,838
throat,3,839
"throne,",3,840
time.,3,841
times,3,842
tongue:,3,843
"too,",3,844
tree,3,845
turne,3,846
twenty,3,847
"tyrant,",3,848
valiant,3,849
villaine,3,850
vnto,3,851
"vp,",3,852
vs?,3,853
wake,3,854
warlike,3,855
wash,3,856
water,3,857
weare,3,858
welcome:,3,859
weyard,3,860
weyward,3,861
wherefore,3,862
"who,",3,863
wilde,3,864
wisedome,3,865
"wisedome,",3,866
wish,3,867
witches,3,868
"withall,",3,869
womans,3,870
word,3,871
worse,3,872
worst,3,873
worth,3,874
ye,3,875
"yet,",3,876
yong,3,877
&c.,2,878
(my,2,879
2.murth.,2,880
abide,2,881
aboue,2,882
"about,",2,883
absence,2,884
according,2,885
accursed,2,886
act,2,887
"act,",2,888
adde,2,889
"addition,",2,890
aduise,2,891
againe?,2,892
alas,2,893
all?,2,894
alone,2,895
angell,2,896
"anon,",2,897
"apparation,",2,898
are:,2,899
art.,2,900
ask'd,2,901
"at,",2,902
"babes,",2,903
"backe,",2,904
banners,2,905
banquet,2,906
banquo:,2,907
"beare,",2,908
beares,2,909
beate,2,910
became,2,911
"beene,",2,912
before.,2,913
begin,2,914
behold,2,915
"beleeue,",2,916
bell.,2,917
besides,2,918
betimes,2,919
betweene,2,920
beware,2,921
beyond,2,922
bird,2,923
birds,2,924
birnane,2,925
blame,2,926
"bleed,",2,927
blessing,2,928
"bloody,",2,929
bold,2,930
bones,2,931
"borne,",2,932
borne.,2,933
bosome,2,934
"bosome,",2,935
both:,2,936
bought,2,937
"braine,",2,938
braines,2,939
braue,2,940
"breed,",2,941
bright,2,942
"broad,",2,943
brought,2,944
byrnan,2,945
calls,2,946
canst,2,947
cat,2,948
"cathnes,",2,949
causes,2,950
"caution,",2,951
cawdor:,2,952
chamber?,2,953
"chance,",2,954
charg'd,2,955
charge,2,956
charmed,2,957
"charmes,",2,958
chiefe,2,959
childe,2,960
"children,",2,961
cleaue,2,962
cling,2,963
clock,2,964
close,2,965
cold.,2,966
come.,2,967
comes:,2,968
commend,2,969
common,2,970
confirm'd,2,971
confound,2,972
contend,2,973
"country,",2,974
"courage,",2,975
court,2,976
"cousin,",2,977
crown'd,2,978
"crowne,",2,979
cry'd,2,980
cumberland:,2,981
cure,2,982
cursed,2,983
cut,2,984
"daggers,",2,985
danger,2,986
dares,2,987
darknesse,2,988
day.,2,989
dead:,2,990
deare,2,991
death.,2,992
"deed,",2,993
deeds,2,994
"defence,",2,995
delight,2,996
descends.,2,997
"deseru'd,",2,998
deserues,2,999
destruction,2,1000
deuill,2,1001
disease,2,1002
dismall,2,1003
dispaire,2,1004
doctor,2,1005
doctor.,2,1006
doing,2,1007
donal.,2,1008
donalbaine,2,1009
donalbane,2,1010
done?,2,1011
"doore,",2,1012
dost,2,1013
doubtfull,2,1014
draw,2,1015
"drinke,",2,1016
"drop,",2,1017
drowne,2,1018
drumme,2,1019
"duncan,",2,1020
duties,2,1021
"duties,",2,1022
dy'd,2,1023
dye,2,1024
earnest,2,1025
easie,2,1026
eaten,2,1027
edge,2,1028
end,2,1029
enough,2,1030
enough.,2,1031
estate,2,1032
eternall,2,1033
"eyes,",2,1034
eyes.,2,1035
faces?,2,1036
faile?,2,1037
faith,2,1038
famine,2,1039
fancies,2,1040
"fantasticall,",2,1041
fare,2,1042
"farre,",2,1043
"feast,",2,1044
"feet,",2,1045
fell.,2,1046
file,2,1047
filthie,2,1048
findes,2,1049
finger,2,1050
firme,2,1051
firstlings,2,1052
fleance.,2,1053
"fleans,",2,1054
flight,2,1055
"flight,",2,1056
"flower,",2,1057
fly,2,1058
flye?,2,1059
fooles,2,1060
for:,2,1061
forgiue,2,1062
fortune,2,1063
"foule,",2,1064
friend,2,1065
front,2,1066
gate,2,1067
gaue,2,1068
gayne,2,1069
ghost.,2,1070
"giuen,",2,1071
glamis,2,1072
"glamis,",2,1073
"goe,",2,1074
"going,",2,1075
"good,",2,1076
good.,2,1077
goodnesse,2,1078
"graue,",2,1079
graues,2,1080
greatest,2,1081
greatnesse,2,1082
greet,2,1083
greeue,2,1084
griefe,2,1085
"grow,",2,1086
"had,",2,1087
haire,2,1088
hand?,2,1089
hands:,2,1090
hang'd,2,1091
happy,2,1092
harme,2,1093
hart,2,1094
"hart,",2,1095
has,2,1096
hate,2,1097
"haue,",2,1098
hauing,2,1099
he's,2,1100
"he,",2,1101
head,2,1102
head.,2,1103
hearing,2,1104
hearts,2,1105
heath,2,1106
heauen:,2,1107
heauens,2,1108
"heauens,",2,1109
hec.,2,1110
"hecat,",2,1111
heccats,2,1112
"heeles,",2,1113
heere:,2,1114
hell.,2,1115
"hence,",2,1116
hence.,2,1117
her:,2,1118
"hereafter,",2,1119
"highly,",2,1120
hill,2,1121
him),2,1122
hither,2,1123
"hither,",2,1124
hoa,2,1125
home,2,1126
hope.,2,1127
"horses,",2,1128
hostesse,2,1129
houres,2,1130
house:,2,1131
house?,2,1132
humane,2,1133
if't,2,1134
ignorant,2,1135
imperiall,2,1136
infected,2,1137
ingredience,2,1138
instruments:,2,1139
ioyfull,2,1140
"ireland,",2,1141
"issue,",2,1142
it:,2,1143
it;,2,1144
iudgement,2,1145
iust,2,1146
iustice,2,1147
keene,2,1148
kernes,2,1149
kingdomes,2,1150
kings,2,1151
kisse,2,1152
"knell,",2,1153
knife,2,1154
know.,2,1155
lady,2,1156
"land,",2,1157
large,2,1158
"leafe,",2,1159
leaues,2,1160
led,2,1161
lesser,2,1162
leysure,2,1163
"liege,",2,1164
life's,2,1165
life.,2,1166
light?,2,1167
line,2,1168
lips:,2,1169
"liue,",2,1170
liues:,2,1171
long,2,1172
"looke,",2,1173
loose,2,1174
lord?,2,1175
"lords,",2,1176
loue.,2,1177
loue;,2,1178
"loyall,",2,1179
macbeth:,2,1180
macduff,2,1181
macduff.,2,1182
mad,2,1183
"madame,",2,1184
maine,2,1185
"malcolm,",2,1186
march,2,1187
marching.,2,1188
marke,2,1189
"may,",2,1190
meanes,2,1191
mee,2,1192
mens,2,1193
"menteth,",2,1194
mercifull,2,1195
mess.,2,1196
message,2,1197
messenger,2,1198
mindes,2,1199
mine:,2,1200
mingle,2,1201
minister,2,1202
minute,2,1203
"mirth,",2,1204
mock,2,1205
moone,2,1206
more.,2,1207
"mother,",2,1208
mother?,2,1209
moue,2,1210
moues,2,1211
"mouncht,",2,1212
naked,2,1213
name?,2,1214
naturall,2,1215
ne're,2,1216
newes,2,1217
neyther,2,1218
"night-gowne,",2,1219
"nights,",2,1220
nine,2,1221
noise,2,1222
none.,2,1223
none:,2,1224
noyse?,2,1225
off:,2,1226
offer,2,1227
office,2,1228
on't,2,1229
"once,",2,1230
one:,2,1231
onely:,2,1232
ones,2,1233
open,2,1234
order,2,1235
others,2,1236
out:,2,1237
"owe,",2,1238
owne.,2,1239
paid,2,1240
"paines,",2,1241
painted,2,1242
pallace,2,1243
part,2,1244
"part,",2,1245
partner,2,1246
patience,2,1247
peace,2,1248
peace:,2,1249
people,2,1250
"people,",2,1251
perfect,2,1252
perfect;,2,1253
person,2,1254
pious,2,1255
pittifull,2,1256
plac'd,2,1257
"place,",2,1258
place?,2,1259
plant,2,1260
"pleasure,",2,1261
pleasure?,2,1262
"point,",2,1263
poure,2,1264
"prayers,",2,1265
prayses,2,1266
precious,2,1267
preparation,2,1268
presence,2,1269
pricke,2,1270
prince,2,1271
promis'd,2,1272
protest,2,1273
pull,2,1274
push,2,1275
quarry,2,1276
queene,2,1277
quickly,2,1278
rapt,2,1279
rauen,2,1280
reade,2,1281
rebellious,2,1282
"receiu'd,",2,1283
reigne,2,1284
remaines,2,1285
require,2,1286
right,2,1287
rings.,2,1288
"rise,",2,1289
roote,2,1290
ross.,2,1291
round,2,1292
"round,",2,1293
rugged,2,1294
sawce,2,1295
schoole,2,1296
scorne,2,1297
scotland.,2,1298
"seat,",2,1299
see.,2,1300
seedes,2,1301
seem'd,2,1302
seize,2,1303
selfe-same,2,1304
selues,2,1305
selues:,2,1306
sences,2,1307
septima.,2,1308
serpent,2,1309
seruants,2,1310
"seruice,",2,1311
setting,2,1312
seuerall,2,1313
seyward,2,1314
seyward.,2,1315
seywards,2,1316
"shadow,",2,1317
shee,2,1318
shew'd,2,1319
shift,2,1320
shine,2,1321
sickly,2,1322
sightlesse,2,1323
"sights,",2,1324
sing,2,1325
sinkes,2,1326
sinne,2,1327
sir:,2,1328
sits,2,1329
slaine,2,1330
slaine.,2,1331
"sleep,",2,1332
sleepie,2,1333
"slow,",2,1334
"snake,",2,1335
so.,2,1336
soldiers,2,1337
soldiers.,2,1338
sometime,2,1339
song.,2,1340
"sonnes,",2,1341
sooner,2,1342
"sooth,",2,1343
sore,2,1344
sorry,2,1345
soueraigne,2,1346
souldier,2,1347
"souldier,",2,1348
souldiers,2,1349
soule,2,1350
"soule,",2,1351
speak'st,2,1352
spight,2,1353
spirit,2,1354
"spirits,",2,1355
"spring,",2,1356
start,2,1357
"start,",2,1358
station,2,1359
"steele,",2,1360
sticking,2,1361
still:,2,1362
stirre,2,1363
stones,2,1364
stood,2,1365
"stood,",2,1366
stop,2,1367
strange:,2,1368
strangely,2,1369
strangers,2,1370
strength,2,1371
stroakes,2,1372
strongly,2,1373
"suffer,",2,1374
supper,2,1375
sure,2,1376
"sure,",2,1377
swearers,2,1378
"sword,",2,1379
swords,2,1380
syllable,2,1381
t',2,1382
tale,2,1383
teach,2,1384
teares,2,1385
tender,2,1386
thane?,2,1387
thanks,2,1388
"thanks,",2,1389
"that,",2,1390
that?,2,1391
the[m],2,1392
them?,2,1393
"thence,",2,1394
thing:,2,1395
"thinke,",2,1396
"thoughts,",2,1397
thunder,2,1398
"thus,",2,1399
time:,2,1400
timely,2,1401
together,2,1402
"together,",2,1403
"tongues,",2,1404
too't,2,1405
too.,2,1406
too?,2,1407
tooke,2,1408
top,2,1409
torch.,2,1410
torches.,2,1411
toyle,2,1412
tragedie,2,1413
"traitor,",2,1414
traitors,2,1415
treason,2,1416
trees,2,1417
trouble,2,1418
troubled,2,1419
"true,",2,1420
truly,2,1421
trust,2,1422
trusted,2,1423
valour,2,1424
"valour,",2,1425
vanish.,2,1426
"vantage,",2,1427
venom,2,1428
vndone.,2,1429
vnfixe,2,1430
vnknowne,2,1431
vnnaturall,2,1432
vntimely,2,1433
vp:,2,1434
vpon's,2,1435
vs'd,2,1436
wait,2,1437
walke,2,1438
wants,2,1439
warre,2,1440
watch,2,1441
"way,",2,1442
way.,2,1443
wear,2,1444
wearie,2,1445
wee'le,2,1446
weepe,2,1447
weigh'd,2,1448
wel,2,1449
well.,2,1450
what?,2,1451
whither,2,1452
wicked,2,1453
wife:,2,1454
will.,2,1455
wilt,2,1456
winde.,2,1457
"wine,",2,1458
wing,2,1459
winne,2,1460
"wise,",2,1461
witnesse,2,1462
"woe,",2,1463
"wolfe,",2,1464
woman?,2,1465
women,2,1466
"women,",2,1467
word:,2,1468
"words,",2,1469
words:,2,1470
"would,",2,1471
wound,2,1472
"wounds,",2,1473
"wracke,",2,1474
wretched,2,1475
y,2,1476
"yes,",2,1477
you'l,2,1478
'boue,1,1479
'em.,1,1480
'em:,1,1481
'faith,1,1482
'ginne,1,1483
'gins,1,1484
"'tis,",1,1485
'twas,1,1486
'twer,1,1487
'twixt,1,1488
'twould,1,1489
(a,1,1490
(alas),1,1491
(and,1,1492
"(as,",1,1493
(at,1,1494
(beldams),1,1495
(from,1,1496
(how,1,1497
(i,1,1498
(if't,1,1499
(impostors,1,1500
(like,1,1501
(sharpe,1,1502
(sir),1,1503
(the,1,1504
(well,1,1505
(whereto,1,1506
(which,1,1507
(with,1,1508
(worthie,1,1509
(worthy,1,1510
1603,1,1511
a-foot.,1,1512
a-weary,1,1513
abhorred,1,1514
abiure,1,1515
aboue),1,1516
abound,1,1517
about?,1,1518
"abroad,",1,1519
abroad:,1,1520
absent,1,1521
abuse,1,1522
accents,1,1523
"accesse,",1,1524
accompany,1,1525
accompt:,1,1526
account,1,1527
accounted,1,1528
accurs'd,1,1529
"accust,",1,1530
accustom'd,1,1531
acheron,1,1532
acquaint,1,1533
"acted,",1,1534
acting,1,1535
action,1,1536
actions,1,1537
acts:,1,1538
actuall,1,1539
addage,1,1540
added,1,1541
adders,1,1542
addrest,1,1543
"adhere,",1,1544
adieu,1,1545
"adieu,",1,1546
admir'd,1,1547
aduance,1,1548
aduantage,1,1549
aduice,1,1550
"aduice,",1,1551
afeard,1,1552
affaire,1,1553
affaires,1,1554
affear'd,1,1555
affear'd.,1,1556
affear'd?,1,1557
"affection,",1,1558
affliction,1,1559
afraid,1,1560
"afraid,",1,1561
afternoone?,1,1562
afterwards,1,1563
"age,",1,1564
agent,1,1565
agents,1,1566
"agitation,",1,1567
ague,1,1568
aid,1,1569
"alack,",1,1570
alarme,1,1571
alarum'd,1,1572
alarums,1,1573
alas:,1,1574
aleppo,1,1575
alike:,1,1576
all-hail'd,1,1577
all-haile,1,1578
all-thing,1,1579
all:,1,1580
allegeance,1,1581
alone:,1,1582
alone?,1,1583
alowd,1,1584
alreadie,1,1585
also,1,1586
alter,1,1587
"altogether,",1,1588
alwayes,1,1589
"am,",1,1590
amaz'd,1,1591
"amaz'd,",1,1592
amazedly?,1,1593
amazement,1,1594
"amen,",1,1595
amen?,1,1596
amend.,1,1597
amends,1,1598
amisse?,1,1599
among,1,1600
and't,1,1601
angels,1,1602
"angels,",1,1603
anger'd,1,1604
anger:,1,1605
angerly?,1,1606
angry,1,1607
"annoyance,",1,1608
anon.,1,1609
anon:,1,1610
"another,",1,1611
anoynted,1,1612
anthonies,1,1613
anticipat'st,1,1614
antidote,1,1615
antique,1,1616
"apace,",1,1617
"apart,",1,1618
appall,1,1619
appalls,1,1620
"apparition,",1,1621
"appeare,",1,1622
"appeares,",1,1623
appease,1,1624
"appetite,",1,1625
apply,1,1626
appoint,1,1627
approach:,1,1628
"approaches,",1,1629
approch,1,1630
approches,1,1631
"approue,",1,1632
arabia,1,1633
"arbitrate,",1,1634
are.,1,1635
are?,1,1636
argument,1,1637
aright.,1,1638
arm'd,1,1639
"arm'd,",1,1640
arme,1,1641
armed,1,1642
armes,1,1643
"armes,",1,1644
armor,1,1645
armor:,1,1646
armour,1,1647
"army,",1,1648
aroynt,1,1649
arriu'd,1,1650
art:,1,1651
art?,1,1652
artificiall,1,1653
aside,1,1654
aske,1,1655
"asleepe,",1,1656
asleepe:,1,1657
"assaileable,",1,1658
assassination,1,1659
assault,1,1660
assay,1,1661
assistance,1,1662
assisted,1,1663
assurance:,1,1664
attempt,1,1665
"attempt,",1,1666
"attendants,",1,1667
"attyre,",1,1668
"auant,",1,1669
auarice,1,1670
"auarice,",1,1671
"auaricious,",1,1672
audit,1,1673
aught,1,1674
augment,1,1675
augure,1,1676
"augures,",1,1677
auoid,1,1678
auouch,1,1679
"auouches,",1,1680
auoyded,1,1681
authoriz'd,1,1682
awak'd,1,1683
"awak'd,",1,1684
away:,1,1685
ayd,1,1686
ayde,1,1687
aye,1,1688
ayme.,1,1689
ayre-drawne-dagger,1,1690
ayre.,1,1691
ayre;,1,1692
babe,1,1693
"babe,",1,1694
babes,1,1695
baboones,1,1696
baby,1,1697
"baby-brow,",1,1698
back.,1,1699
backe,1,1700
backe.,1,1701
backe;,1,1702
backs.,1,1703
backward,1,1704
"bad,",1,1705
badg'd,1,1706
baited,1,1707
bake:,1,1708
"balles,",1,1709
balme,1,1710
"bane,",1,1711
banish'd,1,1712
banke,1,1713
banquets,1,1714
banquoh?,1,1715
bare,1,1716
bare-fac'd,1,1717
barke,1,1718
barlet,1,1719
barren,1,1720
basis,1,1721
bat,1,1722
"bat,",1,1723
"bath,",1,1724
bathe,1,1725
battaile's,1,1726
battell.,1,1727
batter'd,1,1728
battlements,1,1729
battlements.,1,1730
be.,1,1731
be?,1,1732
bear't,1,1733
beard,1,1734
"beard,",1,1735
beards,1,1736
beare-like,1,1737
beast,1,1738
"beaten,",1,1739
"beauteous,",1,1740
bed:,1,1741
bed;,1,1742
bed?,1,1743
beds,1,1744
bee't,1,1745
"bee,",1,1746
bee:,1,1747
beest,1,1748
"beetle,",1,1749
befor't,1,1750
before?,1,1751
begge,1,1752
"begge,",1,1753
begger'd,1,1754
beguile,1,1755
begun,1,1756
"begun,",1,1757
behinde.,1,1758
"behold,",1,1759
behold:,1,1760
"being,",1,1761
beleefe,1,1762
"beleefe,",1,1763
"beleeu'd,",1,1764
beleeue;,1,1765
"bell,",1,1766
"bell-man,",1,1767
bell:,1,1768
bellona's,1,1769
belt,1,1770
belzebub?,1,1771
bend,1,1772
"bene,",1,1773
beneath,1,1774
benediction.,1,1775
benefit,1,1776
bent,1,1777
benyson,1,1778
beside,1,1779
beside;,1,1780
"besides,",1,1781
bestow'd,1,1782
bestowes,1,1783
bestride,1,1784
betray,1,1785
betray's,1,1786
"better,",1,1787
bidding,1,1788
"bides,",1,1789
bids,1,1790
"bill,",1,1791
binde,1,1792
"bird,",1,1793
birds),1,1794
birnan.,1,1795
birth),1,1796
birth-strangled,1,1797
birthdome:,1,1798
"black,",1,1799
"blacke,",1,1800
blade,1,1801
"blade,",1,1802
bladed,1,1803
blames,1,1804
blanch'd,1,1805
blanket,1,1806
blaspheme,1,1807
blaspheming,1,1808
"blast,",1,1809
blasted,1,1810
bleed,1,1811
bleed:,1,1812
bleeding,1,1813
"bleeding,",1,1814
"bleeds,",1,1815
blessed,1,1816
"blessing,",1,1817
blessings,1,1818
blinde-wormes,1,1819
blisters,1,1820
blood-bolter'd,1,1821
blood.,1,1822
blood:,1,1823
bloodie,1,1824
bloodier,1,1825
"blow,",1,1826
blowes,1,1827
blown,1,1828
blowne,1,1829
blunt,1,1830
"boadments,",1,1831
boasting,1,1832
body,1,1833
"body,",1,1834
body?,1,1835
"bold,",1,1836
bold:,1,1837
bond,1,1838
"bond,",1,1839
bonelesse,1,1840
"bones,",1,1841
bonfire.,1,1842
"booke,",1,1843
boot,1,1844
bore,1,1845
borrowed,1,1846
borrower,1,1847
bosomes,1,1848
"bosomes,",1,1849
botches,1,1850
"both,",1,1851
"bottome,",1,1852
"bough,",1,1853
boughes.,1,1854
bound,1,1855
boundlesse,1,1856
bounteous,1,1857
"bounty,",1,1858
bow'd,1,1859
boy,1,1860
boy.,1,1861
boy?,1,1862
brag,1,1863
braggart,1,1864
braine,1,1865
braine-sickly,1,1866
braine?,1,1867
brandish'd,1,1868
brandisht,1,1869
brauely,1,1870
breach,1,1871
"breath,",1,1872
breech'd,1,1873
breed,1,1874
breed?,1,1875
breefe,1,1876
"brest,",1,1877
brest?,1,1878
"brests,",1,1879
brew'd,1,1880
"bridegroome,",1,1881
briefely,1,1882
brightest,1,1883
brinded,1,1884
brings,1,1885
broad,1,1886
brother?,1,1887
browes:,1,1888
brows,1,1889
"broyle,",1,1890
bruited.,1,1891
"bubbles,",1,1892
buckle,1,1893
buffets,1,1894
building,1,1895
built,1,1896
buriall,1,1897
buried;,1,1898
burne,1,1899
burnt,1,1900
"bury,",1,1901
businesse:,1,1902
businesse?,1,1903
"butcher,",1,1904
"buttrice,",1,1905
buy,1,1906
"by,",1,1907
by?,1,1908
byrnam,1,1909
"byrnane,",1,1910
byth',1,1911
"cabin'd,",1,1912
caesar.,1,1913
caldron,1,1914
caldron?,1,1915
call'd:,1,1916
call's,1,1917
call'st,1,1918
"call,",1,1919
call.,1,1920
calling,1,1921
cam'st,1,1922
can'st,1,1923
can:,1,1924
cancell,1,1925
"candle,",1,1926
candles,1,1927
cannons,1,1928
"capitall,",1,1929
"caps,",1,1930
captaine.,1,1931
"captaines,",1,1932
captiuitie:,1,1933
card.,1,1934
"care,",1,1935
care:,1,1936
carelesse,1,1937
carowsing,1,1938
carried,1,1939
carry,1,1940
carry.,1,1941
caru'd,1,1942
"cases,",1,1943
casing,1,1944
castle.,1,1945
catalogue,1,1946
"cause,",1,1947
cawdron,1,1948
"cease,",1,1949
celebrates,1,1950
censures,1,1951
"centinell,",1,1952
"ceremony,",1,1953
certaine),1,1954
cesterne,1,1955
"chafes,",1,1956
challenge,1,1957
challice,1,1958
chamber:,1,1959
chamberlaines,1,1960
chambers,1,1961
champion,1,1962
chanc'd:,1,1963
charge.,1,1964
charme's,1,1965
"charme,",1,1966
charnell,1,1967
chastise,1,1968
"chawdron,",1,1969
cheapely,1,1970
check,1,1971
cheefest,1,1972
cheekes,1,1973
"cheekes,",1,1974
"cheere,",1,1975
"cherubin,",1,1976
chestnuts,1,1977
"chickens,",1,1978
chid,1,1979
childe.,1,1980
childe?,1,1981
"childhood,",1,1982
children.,1,1983
children?,1,1984
childrens,1,1985
chimneys,1,1986
choake,1,1987
choppie,1,1988
"chops,",1,1989
"choughes,",1,1990
christendome,1,1991
"chuck,",1,1992
churches:,1,1993
clamor,1,1994
clamor'd,1,1995
clamorous,1,1996
"clatter,",1,1997
clayme,1,1998
cleane,1,1999
cleane?,1,2000
cleanse,1,2001
"cleare,",1,2002
cleare:,1,2003
clearenesse;,1,2004
cleares,1,2005
cleere,1,2006
"cleere,",1,2007
climbe,1,2008
clipt,1,2009
clogges,1,2010
clos'd:,1,2011
"close,",1,2012
"closset,",1,2013
"cloud,",1,2014
"clowd,",1,2015
clowdy,1,2016
cloyster'd,1,2017
clutch,1,2018
cock:,1,2019
coigne,1,2020
cold:,1,2021
"colmekill,",1,2022
colmes,1,2023
colour:,1,2024
colours,1,2025
"colours,",1,2026
com'st,1,2027
combin'd,1,2028
"combustion,",1,2029
come:,1,2030
comfort.,1,2031
comforted.,1,2032
"command,",1,2033
command:,1,2034
commanded:,1,2035
"commands,",1,2036
commencing,1,2037
"commendations,",1,2038
commends,1,2039
"comming,",1,2040
comming.,1,2041
comming:,1,2042
commission,1,2043
committed,1,2044
"companie,",1,2045
companions,1,2046
company?,1,2047
compar'd,1,2048
compast,1,2049
compell'd,1,2050
compose,1,2051
composition:,1,2052
"compt,",1,2053
compunctious,1,2054
"conceiue,",1,2055
concerne,1,2056
"conclude,",1,2057
concluded:,1,2058
"conclusion,",1,2059
"concord,",1,2060
condemne,1,2061
conduct,1,2062
"conference,",1,2063
confess'd,1,2064
"confess'd,",1,2065
confessing,1,2066
confident,1,2067
"confin'd,",1,2068
confinelesse,1,2069
confirme,1,2070
"conflict,",1,2071
confounds,1,2072
confronted,1,2073
confus'd,1,2074
confusion,1,2075
confusion.,1,2076
coniure,1,2077
"consent,",1,2078
"consequence,",1,2079
consequence.,1,2080
"consequences,",1,2081
consider,1,2082
consider'd,1,2083
consort,1,2084
conspirers,1,2085
constancie,1,2086
constrained,1,2087
construction,1,2088
"contend,",1,2089
contending,1,2090
content,1,2091
content:,1,2092
contented.,1,2093
continent,1,2094
"continually,",1,2095
continue,1,2096
"continue,",1,2097
continued.,1,2098
contradict,1,2099
contriuer,1,2100
conuert,1,2101
conuey,1,2102
"conuince,",1,2103
conuinces,1,2104
cool'd,1,2105
coole,1,2106
"coole,",1,2107
"cooz,",1,2108
coppie's,1,2109
corne,1,2110
corner,1,2111
corporall,1,2112
"corporall,",1,2113
cosin,1,2114
"cosin,",1,2115
"cosine,",1,2116
"cosins,",1,2117
coueted,1,2118
could'st,1,2119
could'st.,1,2120
councell:,1,2121
counsail'd,1,2122
counsailers,1,2123
countenance,1,2124
"counterfeit,",1,2125
"countrey,",1,2126
countreyes,1,2127
countryman:,1,2128
courage,1,2129
"course,",1,2130
course.,1,2131
courst,1,2132
"court,",1,2133
court?,1,2134
"cousins,",1,2135
cow'd,1,2136
coward,1,2137
"coward,",1,2138
"cozen,",1,2139
cozens,1,2140
cracke,1,2141
"cracks,",1,2142
"cradle,",1,2143
craue,1,2144
craues,1,2145
crauing,1,2146
"craz'd,",1,2147
cream-fac'd,1,2148
create,1,2149
"creation,",1,2150
creepes,1,2151
"crests,",1,2152
crew,1,2153
"crib'd,",1,2154
crickets,1,2155
cries,1,2156
"cries,",1,2157
"crime,",1,2158
croakes,1,2159
crost:,1,2160
crow,1,2161
crown,1,2162
"crowned,",1,2163
"crownes,",1,2164
"cruell,",1,2165
crueltie:,1,2166
"cruelty,",1,2167
"cry'd,",1,2168
cry'd?,1,2169
cry.,1,2170
cry?,1,2171
"cryes,",1,2172
cryes.,1,2173
crying,1,2174
curbing,1,2175
cure:,1,2176
"cures,",1,2177
"curres,",1,2178
curriors,1,2179
curse,1,2180
curse.,1,2181
"curses,",1,2182
curtain'd,1,2183
custome.,1,2184
custome:,1,2185
"cut,",1,2186
"cut-throats,",1,2187
"cyme,",1,2188
dagger,1,2189
"dagger,",1,2190
daggers:,1,2191
daintie,1,2192
dame:,1,2193
dames,1,2194
damme,1,2195
damnation,1,2196
damne,1,2197
"dance,",1,2198
dangerous,1,2199
"dare,",1,2200
dare:,1,2201
"darefull,",1,2202
"dares,",1,2203
"darke,",1,2204
darke:,1,2205
dasht,1,2206
"daughters,",1,2207
dauntlesse,1,2208
day?,1,2209
dead?,1,2210
deadly,1,2211
deadmans,1,2212
deafe,1,2213
deaftly,1,2214
deale,1,2215
death:,1,2216
death;,1,2217
death?,1,2218
deaths,1,2219
"debt,",1,2220
"deceitfull,",1,2221
deceiue,1,2222
decision,1,2223
dedicate,1,2224
deed.,1,2225
deed?,1,2226
deedes,1,2227
deepely,1,2228
deeper:,1,2229
deepest,1,2230
deerest,1,2231
"defect,",1,2232
"degrees,",1,2233
deigne,1,2234
delicate.,1,2235
delights.,1,2236
delinquents,1,2237
deliuer,1,2238
deliuers,1,2239
demand,1,2240
"demerits,",1,2241
demy-wolues,1,2242
denies,1,2243
deny,1,2244
deny't.,1,2245
"deny,",1,2246
depart.,1,2247
desart,1,2248
descend.,1,2249
descended?,1,2250
desert,1,2251
deseruers.,1,2252
designe,1,2253
desir'd,1,2254
"desire,",1,2255
desire?,1,2256
desires:,1,2257
desolate,1,2258
destinie.,1,2259
destroy,1,2260
"destroy,",1,2261
destroying,1,2262
detraction.,1,2263
deuill-porter,1,2264
deuill.,1,2265
deuils,1,2266
"deuotion,",1,2267
deuoure,1,2268
dew,1,2269
diamond,1,2270
did'st,1,2271
"did,",1,2272
did:,1,2273
did?,1,2274
die:,1,2275
digestion,1,2276
digg'd,1,2277
"dignities,",1,2278
dignity,1,2279
diminitiue,1,2280
dire,1,2281
direction,1,2282
"direction,",1,2283
directly,1,2284
direfull,1,2285
direnesse,1,2286
direst,1,2287
dis-eate,1,2288
dis-heartens,1,2289
"dis-ioynt,",1,2290
"disasters,",1,2291
"disbursed,",1,2292
discerne,1,2293
discharge,1,2294
discomfort,1,2295
discomfort.,1,2296
discouery,1,2297
disdayning,1,2298
"diseas'd,",1,2299
"disease,",1,2300
"disgrace,",1,2301
disgrace.,1,2302
disguising,1,2303
dishes,1,2304
"dishonors,",1,2305
disloyall,1,2306
"dismall,",1,2307
dismay'd,1,2308
dismisse,1,2309
disorder,1,2310
dispatch'd?,1,2311
"dispatch,",1,2312
dispatch.,1,2313
dispise,1,2314
displac'd,1,2315
disposition,1,2316
dispute,1,2317
distance,1,2318
"distance,",1,2319
distemper'd,1,2320
distill'd,1,2321
distinguishes,1,2322
"distracted,",1,2323
distresses,1,2324
ditch,1,2325
ditch-deliuer'd,1,2326
diuellish,1,2327
diuers,1,2328
"diuine,",1,2329
diuision,1,2330
do'st,1,2331
do),1,2332
do:,1,2333
do?,1,2334
doctor?,1,2335
doe?,1,2336
does:,1,2337
doffe,1,2338
dogge:,1,2339
dogges:,1,2340
"dogs,",1,2341
"dollars,",1,2342
dolour,1,2343
"domestique,",1,2344
don't.,1,2345
don't:,1,2346
don't?,1,2347
don.,1,2348
donalbaine.,1,2349
donalbaine:,1,2350
done.,1,2351
doo't,1,2352
doo't:,1,2353
doome?,1,2354
doomes,1,2355
doore,1,2356
doores,1,2357
doubly,1,2358
"doubt,",1,2359
"doubts,",1,2360
doubts.,1,2361
down:,1,2362
downey,1,2363
downfall,1,2364
"drab,",1,2365
"dragon,",1,2366
draw.,1,2367
"drawne,",1,2368
dread,1,2369
dreadfull,1,2370
"dreadfull,",1,2371
dreames,1,2372
"dreames,",1,2373
dreamt,1,2374
drenched,1,2375
dresse,1,2376
drest,1,2377
dreyne,1,2378
drie,1,2379
"droope,",1,2380
drop,1,2381
drops,1,2382
"drowse,",1,2383
drowsie,1,2384
drugg'd,1,2385
drugge,1,2386
"drumme,",1,2387
drumme:,1,2388
"drunk,",1,2389
"drunke,",1,2390
"dudgeon,",1,2391
"due,",1,2392
dues,1,2393
"duff,",1,2394
dull,1,2395
duncan.,1,2396
duncan?,1,2397
dunnest,1,2398
dunsinane.,1,2399
dunsmane,1,2400
durst,1,2401
dusty,1,2402
duties:,1,2403
dwarfish,1,2404
dwell,1,2405
"dwindle,",1,2406
"dy'de,",1,2407
"dye,",1,2408
dye.,1,2409
dyed,1,2410
"dying,",1,2411
dyre,1,2412
eagles;,1,2413
eare,1,2414
eare.,1,2415
eares,1,2416
"eares,",1,2417
"earles,",1,2418
"earth,",1,2419
earth-bound,1,2420
earthly,1,2421
easie.,1,2422
easier,1,2423
east,1,2424
"eccho,",1,2425
ecclipse:,1,2426
"edward,",1,2427
"effect,",1,2428
effects,1,2429
egge?,1,2430
eight,1,2431
eighth,1,2432
either,1,2433
"eldest,",1,2434
"else,",1,2435
elues,1,2436
embrace,1,2437
"eminence,",1,2438
empty,1,2439
emptying,1,2440
encounter,1,2441
end.,1,2442
end:,1,2443
ends,1,2444
"ends,",1,2445
endure,1,2446
enemie.,1,2447
enfold,1,2448
england?,1,2449
enkindle,1,2450
enow,1,2451
"enow,",1,2452
enrage,1,2453
enrages,1,2454
enterprize,1,2455
entrailes,1,2456
entrance,1,2457
entrance:,1,2458
entreat,1,2459
entry:,1,2460
"envernes,",1,2461
"epicures,",1,2462
equiuocate,1,2463
equiuocates,1,2464
equiuocation,1,2465
equiuocator,1,2466
"equiuocator,",1,2467
equiuocator.,1,2468
ermites,1,2469
erre,1,2470
especially,1,2471
establish,1,2472
esteem'st,1,2473
esteeme,1,2474
esteeme?,1,2475
eterne,1,2476
euen-handed,1,2477
euen:,1,2478
"euent,",1,2479
"euents,",1,2480
euer?,1,2481
euerlasting,1,2482
euill.,1,2483
euils,1,2484
"euils,",1,2485
exasperate,1,2486
except,1,2487
excite,1,2488
exeunt,1,2489
exil'd,1,2490
exit.,1,2491
expectation,1,2492
"expectation,",1,2493
expedition,1,2494
expence,1,2495
expire,1,2496
exploits:,1,2497
exposure;,1,2498
extasie.,1,2499
extasie:,1,2500
extend,1,2501
eye-bals.,1,2502
eyes!,1,2503
eyes?,1,2504
eyther,1,2505
fac'd,1,2506
face.,1,2507
"fact,",1,2508
faculties,1,2509
faile,1,2510
faine,1,2511
"faint,",1,2512
"faire,",1,2513
faire?,1,2514
fairer,1,2515
fairest,1,2516
fairies,1,2517
"faith,",1,2518
faith-breach:,1,2519
faithfull,1,2520
"fall,",1,2521
falles,1,2522
falne,1,2523
familiar,1,2524
fanne,1,2525
far,1,2526
"farewell,",1,2527
farewell.,1,2528
"farmer,",1,2529
farrow:,1,2530
farther:,1,2531
farwell,1,2532
farwell.,1,2533
"fate,",1,2534
fate:,1,2535
father'd,1,2536
father's,1,2537
"father,",1,2538
father-lesse,1,2539
father:,1,2540
fathers,1,2541
"fathers,",1,2542
faulcon,1,2543
"fauor,",1,2544
"fauors,",1,2545
fauour:,1,2546
fayl'd,1,2547
fayle:,1,2548
fear'd.,1,2549
feare),1,2550
feare?,1,2551
fearefull,1,2552
"feares,",1,2553
feares.,1,2554
feares:,1,2555
"feasts,",1,2556
feat.,1,2557
fed:,1,2558
fee-griefe,1,2559
"feed,",1,2560
feed.,1,2561
feede,1,2562
"feeling,",1,2563
fellow,1,2564
"fellow,",1,2565
fellowes,1,2566
"fellowes,",1,2567
felt,1,2568
fenny,1,2569
"feuer,",1,2570
"feuorous,",1,2571
few,1,2572
fie,1,2573
"fie,",1,2574
"field,",1,2575
field:,1,2576
fiend,1,2577
"fiend,",1,2578
fiend-like,1,2579
fiends,1,2580
fife,1,2581
"fife,",1,2582
fife:,1,2583
fife;,1,2584
"fiffe,",1,2585
fight:,1,2586
"fighting,",1,2587
fighting.,1,2588
fil'd,1,2589
"file,",1,2590
fillet,1,2591
filling,1,2592
filthy,1,2593
finding,1,2594
finis.,1,2595
fire.,1,2596
"fires,",1,2597
firme-set,1,2598
"first,",1,2599
first.,1,2600
first:,1,2601
fitfull,1,2602
fitnesse,1,2603
fits,1,2604
fix'd,1,2605
flame,1,2606
flattering,1,2607
flawes,1,2608
fleance,1,2609
"fleance,",1,2610
fleans.,1,2611
fleans:,1,2612
"fled,",1,2613
fled:,1,2614
flesh,1,2615
flighty,1,2616
floate,1,2617
flong,1,2618
flowers,1,2619
flowne,1,2620
flowt,1,2621
flyes?,1,2622
flying,1,2623
foe:,1,2624
foes,1,2625
foes.,1,2626
fogge,1,2627
foggy,1,2628
folde,1,2629
followes,1,2630
folly,1,2631
folly.,1,2632
foolish,1,2633
fools:,1,2634
foorth,1,2635
foorth:,1,2636
foot,1,2637
foot:,1,2638
for't,1,2639
for't.,1,2640
for't:,1,2641
forbid,1,2642
forbid:,1,2643
forc'd,1,2644
"force,",1,2645
forge,1,2646
forget:,1,2647
forgot,1,2648
"forgotten,",1,2649
forgotten.,1,2650
"forke,",1,2651
forme,1,2652
former.,1,2653
forraine,1,2654
forrest,1,2655
"forrest,",1,2656
"forsworne,",1,2657
fortifies:,1,2658
"fortitude,",1,2659
fought,1,2660
"fought,",1,2661
foundations:,1,2662
founded,1,2663
fountaine,1,2664
fourth?,1,2665
fowly,1,2666
"foysons,",1,2667
frailties,1,2668
frame,1,2669
"franchis'd,",1,2670
frankly,1,2671
free:,1,2672
freely?,1,2673
french,1,2674
fresh,1,2675
frets,1,2676
"frets,",1,2677
"friend,",1,2678
friend:,1,2679
friend;,1,2680
friends.,1,2681
friends:,1,2682
"frieze,",1,2683
fright,1,2684
"frogge,",1,2685
"front,",1,2686
fruitlesse,1,2687
fry,1,2688
full:,1,2689
"fulnesse,",1,2690
"fume,",1,2691
function,1,2692
furbusht,1,2693
"furie,",1,2694
"furious,",1,2695
further.,1,2696
further:,1,2697
fury,1,2698
"fury,",1,2699
future,1,2700
"fye,",1,2701
gaines:,1,2702
gall,1,2703
"gall,",1,2704
gallopping,1,2705
gallowgrosses,1,2706
gap,1,2707
"garments,",1,2708
gash,1,2709
gash'd,1,2710
"gate,",1,2711
gate:,1,2712
gaze,1,2713
geese,1,2714
"generall,",1,2715
genius,1,2716
gentleman,1,2717
"gentleman,",1,2718
gentleman:,1,2719
gentlemen,1,2720
"gentlemen,",1,2721
gentlemen:,1,2722
gentlemen?,1,2723
gentlewoman.,1,2724
gently,1,2725
gentry;,1,2726
"germaine,",1,2727
ghost,1,2728
ghosts,1,2729
giants,1,2730
"gibbet,",1,2731
"gift,",1,2732
gin,1,2733
girle.,1,2734
giues.,1,2735
giuing,1,2736
gladly,1,2737
glamys,1,2738
glare,1,2739
glasse,1,2740
"glasse,",1,2741
glimmers,1,2742
glory,1,2743
"glosse,",1,2744
go:,1,2745
goary,1,2746
"goate,",1,2747
"god,",1,2748
god-eyld,1,2749
goe?,1,2750
"gold-bound-brow,",1,2751
"golgotha,",1,2752
"gon,",1,2753
gone?,1,2754
good-night.,1,2755
good:,1,2756
good?,1,2757
goodly,1,2758
goodnight,1,2759
"goodnight,",1,2760
goodnight.,1,2761
goose-looke,1,2762
goose.,1,2763
gore:,1,2764
gorgon.,1,2765
gos't?,1,2766
"gospell'd,",1,2767
got,1,2768
got'st,1,2769
"got,",1,2770
gouern?,1,2771
"gouerne,",1,2772
gouts,1,2773
grac'd,1,2774
grace.,1,2775
"graces,",1,2776
"grafted,",1,2777
graine,1,2778
grandam:,1,2779
grant,1,2780
grapples,1,2781
"graspe,",1,2782
graue,1,2783
graue:,1,2784
graue;,1,2785
graunt,1,2786
gray-malkin,1,2787
"great,",1,2788
greatnesse),1,2789
greaze,1,2790
greefe,1,2791
greene,1,2792
"greene,",1,2793
greetes,1,2794
greeting?,1,2795
grewell,1,2796
"greyhounds,",1,2797
griefe?,1,2798
griefes,1,2799
grim,1,2800
"gripe,",1,2801
"groanes,",1,2802
groue,1,2803
ground,1,2804
ground;,1,2805
growing.,1,2806
growne,1,2807
guardian,1,2808
guesse,1,2809
guests,1,2810
guide,1,2811
guift,1,2812
guild,1,2813
guilt,1,2814
guilt.,1,2815
"guise,",1,2816
gulfe,1,2817
"gummes,",1,2818
"ha's,",1,2819
ha's?,1,2820
"ha,",1,2821
hackt.,1,2822
hadst,1,2823
"hagges,",1,2824
hags?,1,2825
hah:,1,2826
"haires,",1,2827
hall,1,2828
handle,1,2829
"hang'd,",1,2830
hanging,1,2831
hangmans,1,2832
hangs,1,2833
happily,1,2834
happinesse,1,2835
"happy,",1,2836
happyer,1,2837
harbingers,1,2838
hardie,1,2839
hardly,1,2840
"hare,",1,2841
"harme,",1,2842
harme.,1,2843
harme?,1,2844
harmes,1,2845
"harmes,",1,2846
harnesse,1,2847
harp'd,1,2848
harpier,1,2849
harrold,1,2850
harts,1,2851
haruest,1,2852
"hast,",1,2853
hast:,1,2854
haste,1,2855
hat,1,2856
hatch'd,1,2857
hatefull,1,2858
haue:,1,2859
"hauing,",1,2860
haunt,1,2861
haunt:,1,2862
hawkt,1,2863
hay:,1,2864
hayl'd,1,2865
he:,1,2866
head:,1,2867
head;,1,2868
heads,1,2869
heads:,1,2870
healing,1,2871
"health,",1,2872
heap'd,1,2873
hear'st,1,2874
hearers,1,2875
"heark,",1,2876
hearke:,1,2877
heart;,1,2878
heart?,1,2879
"hearts,",1,2880
hearty,1,2881
heat,1,2882
heat-oppressed,1,2883
heauenly,1,2884
heauiest,1,2885
heauily,1,2886
hecat.,1,2887
hedge-pigge,1,2888
hee:,1,2889
heere.,1,2890
heereafter;,1,2891
"heire,",1,2892
held,1,2893
"hell-broth,",1,2894
"hell-hound,",1,2895
hell-kite!,1,2896
"helpe,",1,2897
helpe:,1,2898
"hemlocke,",1,2899
hence:,1,2900
hence?,1,2901
henceforth,1,2902
"herbenger,",1,2903
here.,1,2904
here:,1,2905
hereafter,1,2906
herein,1,2907
hew,1,2908
hid,1,2909
"hid,",1,2910
hidden,1,2911
hideous,1,2912
highnesse?,1,2913
him?,1,2914
"himselfe,",1,2915
himselfe?,1,2916
hircan,1,2917
"his,",1,2918
his.,1,2919
his:,1,2920
hisse,1,2921
hit,1,2922
hit.,1,2923
hither:,1,2924
hoa?,1,2925
"hoarse,",1,2926
"hoast,",1,2927
hoboyes,1,2928
"hoboyes,",1,2929
hoboyes.,1,2930
hold.,1,2931
holds,1,2932
"hole,",1,2933
holily,1,2934
holily:,1,2935
holp,1,2936
"homage,",1,2937
"home,",1,2938
home.,1,2939
home:,1,2940
homely,1,2941
homeward,1,2942
honest:,1,2943
honor'd,1,2944
honor.,1,2945
"honors,",1,2946
honour'd,1,2947
hoodwinke:,1,2948
"hope,",1,2949
hope:,1,2950
horror,1,2951
horror.,1,2952
"horrors,",1,2953
hors'd,1,2954
horse,1,2955
"horse,",1,2956
horse.,1,2957
horse:,1,2958
hose:,1,2959
host,1,2960
"host,",1,2961
host:,1,2962
"hostesse,",1,2963
hostesse.,1,2964
hostesse:,1,2965
hoter,1,2966
houer,1,2967
"hounds,",1,2968
houre:,1,2969
house,1,2970
"house,",1,2971
"house-keeper,",1,2972
"houses,",1,2973
"how,",1,2974
howl'd,1,2975
howle's,1,2976
"howle,",1,2977
howlets,1,2978
humble,1,2979
humbly,1,2980
humh:,1,2981
"hums,",1,2982
hums;,1,2983
hunger,1,2984
"hunter,",1,2985
hurley-burley's,1,2986
hurt,1,2987
hurts,1,2988
husband's,1,2989
"husband,",1,2990
husbandry,1,2991
"hush,",1,2992
hye,1,2993
hyr'd,1,2994
i'faith,1,2995
i'the,1,2996
i.,1,2997
i:,1,2998
"ideot,",1,2999
"iealousies,",1,3000
"iew,",1,3001
iewell,1,3002
"iewels,",1,3003
il'd,1,3004
ill-composd,1,3005
ill:,1,3006
ill;,1,3007
ill?,1,3008
illnesse,1,3009
"illusion,",1,3010
image,1,3011
image:,1,3012
images,1,3013
imaginings:,1,3014
impediments,1,3015
impeides,1,3016
imperfect,1,3017
implor'd,1,3018
impresse,1,3019
"impresse,",1,3020
in's,1,3021
in't.,1,3022
in.,1,3023
"incarnardine,",1,3024
"incens'd,",1,3025
inchanting,1,3026
inclinde,1,3027
"indeed,",1,3028
indeed.,1,3029
indeede:,1,3030
indissoluble,1,3031
indure,1,3032
industrious,1,3033
infirme,1,3034
"infirmity,",1,3035
inform'd,1,3036
informes,1,3037
ingratitude,1,3038
inhabit,1,3039
inhabitants,1,3040
initiate,1,3041
"inne,",1,3042
insane,1,3043
instant,1,3044
"instant,",1,3045
"instructions,",1,3046
instrument,1,3047
instruments,1,3048
"integrity,",1,3049
"intelligence,",1,3050
intemperance,1,3051
"intent,",1,3052
interdiction,1,3053
interest:,1,3054
interim,1,3055
intermission:,1,3056
interpret,1,3057
interprete,1,3058
"intombe,",1,3059
intrenchant,1,3060
"inuenter,",1,3061
inuention.,1,3062
inuest,1,3063
inuested,1,3064
inuisible,1,3065
inuite,1,3066
"inuite,",1,3067
inuites,1,3068
iocund:,1,3069
iouiall,1,3070
iourney,1,3071
ioy,1,3072
ioy.,1,3073
"ioyes,",1,3074
ioyne,1,3075
ioyntly.,1,3076
is.,1,3077
is:,1,3078
isles,1,3079
it),1,3080
it?,1,3081
"iudicious,",1,3082
iugling,1,3083
iumpe,1,3084
"iust,",1,3085
"iustice,",1,3086
iutty,1,3087
kalender.,1,3088
"kernes,",1,3089
"key,",1,3090
key.,1,3091
kil'd,1,3092
"kill'd,",1,3093
killing,1,3094
kind,1,3095
kind'st,1,3096
kindly,1,3097
"kindnesse,",1,3098
king's,1,3099
king-becoming,1,3100
king:,1,3101
kingdome?,1,3102
kings:,1,3103
"kinsman,",1,3104
kinsman.,1,3105
kinsmen,1,3106
"kinsmen,",1,3107
"knees,",1,3108
knell,1,3109
knit,1,3110
knits,1,3111
kniues;,1,3112
knock,1,3113
knocke,1,3114
knockes.,1,3115
knocking.,1,3116
knocking:,1,3117
knocking?,1,3118
knoll'd,1,3119
knots,1,3120
"know'st,",1,3121
know't:,1,3122
knowes:,1,3123
knowings,1,3124
knowledge,1,3125
"knowledge,",1,3126
knowledge.,1,3127
known,1,3128
"known,",1,3129
knowne?,1,3130
kytes,1,3131
"labor,",1,3132
labors,1,3133
labour'd,1,3134
lac'd,1,3135
lady:,1,3136
laide,1,3137
lambe,1,3138
"lambe,",1,3139
lamentings,1,3140
lampe:,1,3141
land?,1,3142
"lands,",1,3143
"lappe,",1,3144
lapt,1,3145
largesse,1,3146
last.,1,3147
latch,1,3148
late,1,3149
late.,1,3150
late?,1,3151
lated,1,3152
"later,",1,3153
"laudable,",1,3154
laue,1,3155
lauish,1,3156
lay'd,1,3157
"lay,",1,3158
layes,1,3159
laying,1,3160
lead,1,3161
leade,1,3162
learn'd,1,3163
learne,1,3164
lease,1,3165
"leaue-taking,",1,3166
leaue-taking.,1,3167
leaue.,1,3168
leauing,1,3169
leauy,1,3170
"lecherie,",1,3171
lecherie:,1,3172
lees,1,3173
left.,1,3174
"legge,",1,3175
legges,1,3176
legions,1,3177
length,1,3178
lent,1,3179
letter.,1,3180
letters,1,3181
letting,1,3182
"leuie,",1,3183
"leysure,",1,3184
liars,1,3185
lid:,1,3186
liege,1,3187
lies,1,3188
lies;,1,3189
life:,1,3190
life?,1,3191
lifes,1,3192
"light,",1,3193
lighted,1,3194
lighted:,1,3195
"lightning,",1,3196
lightning.,1,3197
"like,",1,3198
like.,1,3199
lilly-liuer'd,1,3200
"lime,",1,3201
limitted,1,3202
line.,1,3203
linnen,1,3204
lips.,1,3205
"listen,",1,3206
listning,1,3207
liu'd.,1,3208
liue-long,1,3209
liue.,1,3210
liue?,1,3211
liuer,1,3212
"liues,",1,3213
liues-,1,3214
liuing,1,3215
lizards,1,3216
lo,1,3217
loades,1,3218
lockes,1,3219
"lockes,",1,3220
lodg'd,1,3221
"lodg'd,",1,3222
"loe,",1,3223
"long,",1,3224
longer,1,3225
longer.,1,3226
lookes,1,3227
"lookes,",1,3228
loone:,1,3229
loose.,1,3230
loosest,1,3231
lord),1,3232
lords,1,3233
lose,1,3234
lou'd,1,3235
loue:,1,3236
loued,1,3237
"loues,",1,3238
low:,1,3239
lowd,1,3240
"lowlinesse,",1,3241
loyaltie,1,3242
"lust,",1,3243
lust:,1,3244
"luxurious,",1,3245
ly'st,1,3246
"lyar,",1,3247
lyars,1,3248
lye?,1,3249
"lyes,",1,3250
lyes.,1,3251
lyest,1,3252
lymbeck,1,3253
lyne,1,3254
lyon,1,3255
lyon:,1,3256
"lyst,",1,3257
m.,1,3258
macbeth?,1,3259
macdonwald,1,3260
macduffe:,1,3261
macduffe?,1,3262
macduffes,1,3263
mad:,1,3264
madam,1,3265
"made,",1,3266
madnesse:,1,3267
maggot,1,3268
magicke,1,3269
"maides,",1,3270
maiestie,1,3271
maiestie?,1,3272
make's,1,3273
"makes,",1,3274
making,1,3275
"making,",1,3276
making:,1,3277
malady,1,3278
malcolme?,1,3279
malcolmes,1,3280
"malcome,",1,3281
males.,1,3282
maleuolence,1,3283
"malicious,",1,3284
man;,1,3285
man?,1,3286
manhood,1,3287
"manhood,",1,3288
mankinde,1,3289
manly,1,3290
manly:,1,3291
manner,1,3292
"mansion,",1,3293
"mansonry,",1,3294
"marble,",1,3295
marching,1,3296
mark,1,3297
mark'd,1,3298
mark'd:,1,3299
"marke,",1,3300
market,1,3301
marre,1,3302
marres,1,3303
"marrowlesse,",1,3304
marry,1,3305
"marry,",1,3306
marshall'st,1,3307
maruell'st,1,3308
masking,1,3309
master's,1,3310
master-peece:,1,3311
masterdome,1,3312
masters,1,3313
"mated,",1,3314
materiall,1,3315
"matrons,",1,3316
matter?,1,3317
"matters,",1,3318
"maw,",1,3319
mawes,1,3320
may't,1,3321
me;,1,3322
meale,1,3323
meane,1,3324
"meane,",1,3325
meane:,1,3326
meane?,1,3327
"meanes,",1,3328
meanes:,1,3329
meanes?,1,3330
meant,1,3331
measur'd,1,3332
measure,1,3333
"measure,",1,3334
measurelesse,1,3335
meate,1,3336
"meate,",1,3337
med'cine,1,3338
med'cines,1,3339
meeke;,1,3340
"meet,",1,3341
meete,1,3342
"meeting,",1,3343
meeting.,1,3344
"melted,",1,3345
"memorie,",1,3346
memorize,1,3347
memory,1,3348
men-children,1,3349
men.,1,3350
mend,1,3351
mercie,1,3352
mercilesse,1,3353
"mercy,",1,3354
metaphysicall,1,3355
"metled,",1,3356
mettle,1,3357
mew'd,1,3358
"mid'st,",1,3359
midnight,1,3360
might'st,1,3361
mile,1,3362
mile:,1,3363
milkes,1,3364
"mindes,",1,3365
minds:,1,3366
mine.,1,3367
minion),1,3368
minions,1,3369
ministers,1,3370
"ministers,",1,3371
minutely,1,3372
mischance,1,3373
mischiefe.,1,3374
miserable!,1,3375
misse,1,3376
"misse,",1,3377
misse:,1,3378
"missing,",1,3379
missiues,1,3380
"mistresse,",1,3381
mistris,1,3382
"mistrust,",1,3383
mock'ry,1,3384
moderne,1,3385
modest,1,3386
moe,1,3387
moment,1,3388
"moment,",1,3389
moment?,1,3390
"momentary,",1,3391
monkie:,1,3392
monsters,1,3393
monstrous,1,3394
monuments,1,3395
moones,1,3396
"more-hauing,",1,3397
more?,1,3398
"morne,",1,3399
"morning,",1,3400
morning:,1,3401
morrow.,1,3402
mortalitie:,1,3403
mortals,1,3404
mortified,1,3405
"most,",1,3406
mother,1,3407
mothers,1,3408
motion,1,3409
"motiues,",1,3410
"moue,",1,3411
moue.,1,3412
mouing,1,3413
"mould,",1,3414
mouncht:,1,3415
"mouth-honor,",1,3416
"mouthes,",1,3417
mowsing,1,3418
much.,1,3419
much:,1,3420
multiplying,1,3421
multitudinous,1,3422
"mummey,",1,3423
"mungrels,",1,3424
murderer.,1,3425
murderers,1,3426
murky.,1,3427
murth'ring,1,3428
"murther'd,",1,3429
murther.,1,3430
murtherer,1,3431
murtherer.,1,3432
"murtherers,",1,3433
murtherous,1,3434
muse,1,3435
musicke,1,3436
"musicke,",1,3437
musicke.,1,3438
myraculous,1,3439
"nam'd,",1,3440
nam'd:,1,3441
name's,1,3442
name),1,3443
name.,1,3444
napkins,1,3445
natio[n],1,3446
nature.,1,3447
nature?,1,3448
"natures,",1,3449
naue,1,3450
naught,1,3451
nauigation,1,3452
nay,1,3453
"nay,",1,3454
"nearest,",1,3455
"neckes,",1,3456
needed,1,3457
needes,1,3458
"needes,",1,3459
needs,1,3460
neer'st,1,3461
"neere,",1,3462
neerely.,1,3463
neerer,1,3464
neerest,1,3465
neither,1,3466
neptunes,1,3467
nerues,1,3468
"nest,",1,3469
"net,",1,3470
neu'r,1,3471
"neuer,",1,3472
"neutrall,",1,3473
"new-borne-babe,",1,3474
newer,1,3475
"newes,",1,3476
newes?,1,3477
newly,1,3478
"newt,",1,3479
next,1,3480
"nice,",1,3481
nie,1,3482
niggard,1,3483
night-gown,1,3484
"night-shrieke,",1,3485
night?,1,3486
nightly:,1,3487
nights:,1,3488
nimbly,1,3489
"nine,",1,3490
nine.,1,3491
nipple,1,3492
"no,",1,3493
"noble,",1,3494
"noblenesse,",1,3495
nobles,1,3496
nobly,1,3497
"nod,",1,3498
non-pareill,1,3499
"none,",1,3500
noone.,1,3501
"northumberland,",1,3502
norway,1,3503
"norway,",1,3504
norwayes,1,3505
nose,1,3506
"nose-painting,",1,3507
not),1,3508
not?,1,3509
nothing.,1,3510
notion,1,3511
nought,1,3512
nought's,1,3513
nourisher,1,3514
now:,1,3515
noyse,1,3516
numbers,1,3517
"numbers,",1,3518
o're-fraught,1,3519
"o're-leape,",1,3520
o're-tooke,1,3521
o'that,1,3522
o'that:,1,3523
obliuious,1,3524
obscure,1,3525
obseru'd,1,3526
obserue,1,3527
occasion,1,3528
ocean,1,3529
oddes,1,3530
of.,1,3531
"off,",1,3532
off;,1,3533
offend,1,3534
offended:,1,3535
"office,",1,3536
officers?,1,3537
"offices,",1,3538
offices.,1,3539
offrings:,1,3540
"oftentimes,",1,3541
oftner,1,3542
"old,",1,3543
"old-age,",1,3544
olde,1,3545
olden,1,3546
"older,",1,3547
omnes,1,3548
omnes.,1,3549
on's,1,3550
"on't,",1,3551
on't?,1,3552
once.,1,3553
"onely,",1,3554
ones?,1,3555
ope,1,3556
"open'd,",1,3557
open:,1,3558
opinions,1,3559
"oppos'd,",1,3560
oppose,1,3561
oracles,1,3562
ore-beare,1,3563
ore-leapes,1,3564
ore:,1,3565
ornament,1,3566
orphans,1,3567
other.,1,3568
other:,1,3569
"others,",1,3570
ouer,1,3571
"ouer-bold,",1,3572
ouer-charg'd,1,3573
ouer-credulous,1,3574
ouer-red,1,3575
ouercome,1,3576
ouertake,1,3577
ouerthrowne,1,3578
"ours,",1,3579
ours?,1,3580
out-run,1,3581
out.,1,3582
outward,1,3583
outwardly,1,3584
"ow'd,",1,3585
ow'd:,1,3586
owe,1,3587
owe:,1,3588
owle:,1,3589
pace,1,3590
"pace,",1,3591
padock,1,3592
paine:,1,3593
paines,1,3594
paines.,1,3595
painting,1,3596
pale,1,3597
"pale,",1,3598
pale-hearted,1,3599
pale.,1,3600
pale:,1,3601
pall,1,3602
pallace:,1,3603
"pallaces,",1,3604
"palpable,",1,3605
palter,1,3606
"paper,",1,3607
paralell,1,3608
"pardon,",1,3609
pardon:,1,3610
parley,1,3611
"parricide,",1,3612
part?,1,3613
parted,1,3614
particular,1,3615
particulars,1,3616
partner's,1,3617
passage,1,3618
"passage,",1,3619
passion,1,3620
"passion,",1,3621
past,1,3622
"past,",1,3623
patch?,1,3624
"patience,",1,3625
patient,1,3626
"patient,",1,3627
"pawser,",1,3628
pay.,1,3629
payes,1,3630
"payment,",1,3631
peace;,1,3632
peace?,1,3633
"peake,",1,3634
"peale,",1,3635
"pearle,",1,3636
peepe,1,3637
peerelesse,1,3638
peeres,1,3639
pendant,1,3640
pent-house,1,3641
perceiue,1,3642
perchance,1,3643
perchance.,1,3644
perfect'st,1,3645
perform'd,1,3646
performance.,1,3647
"performances,",1,3648
perfumes,1,3649
perillous,1,3650
pernicious,1,3651
pernitious,1,3652
"perseuerance,",1,3653
person.,1,3654
personall,1,3655
perswades,1,3656
pertaines,1,3657
perturbation,1,3658
pester'd,1,3659
petty,1,3660
physicke,1,3661
"physicke,",1,3662
physicks,1,3663
physitian:,1,3664
pictures:,1,3665
piece,1,3666
pieces,1,3667
pillowes,1,3668
pillowes:,1,3669
pilots,1,3670
pine,1,3671
pine:,1,3672
pit,1,3673
"pitfall,",1,3674
pittied,1,3675
pitty,1,3676
"pitty,",1,3677
place.,1,3678
place:,1,3679
places,1,3680
plague,1,3681
planted,1,3682
playd'st,1,3683
"player,",1,3684
pleade,1,3685
pleas't,1,3686
pleasant,1,3687
pleasure,1,3688
pleasures,1,3689
pledge,1,3690
plenteous,1,3691
plentie:,1,3692
"plenty,",1,3693
"plight,",1,3694
pluck,1,3695
plucke,1,3696
pluckes,1,3697
pluckt,1,3698
points,1,3699
"pole,",1,3700
"poore,",1,3701
poorely,1,3702
"portable,",1,3703
porter,1,3704
ports,1,3705
possesse,1,3706
"possets,",1,3707
post,1,3708
"post,",1,3709
"posterity,",1,3710
posters,1,3711
pot,1,3712
potent,1,3713
power:,1,3714
"powers,",1,3715
powr'd,1,3716
"powre,",1,3717
powrefull,1,3718
powres,1,3719
poyson'd,1,3720
"poyson,",1,3721
poysond,1,3722
practise:,1,3723
prate,1,3724
"pratler,",1,3725
prayers,1,3726
"predecessors,",1,3727
prediction,1,3728
"predominance,",1,3729
"predominant,",1,3730
prepar'd.,1,3731
prepares,1,3732
"present,",1,3733
present.,1,3734
present:,1,3735
presently,1,3736
preserue,1,3737
"pretence,",1,3738
pretend?,1,3739
prey's,1,3740
pricking,1,3741
pride,1,3742
primrose,1,3743
primus.,1,3744
prisoner?,1,3745
pristine,1,3746
probation,1,3747
proceed,1,3748
proceeding,1,3749
procreant,1,3750
producing,1,3751
"professe,",1,3752
professes,1,3753
"professions,",1,3754
profit,1,3755
"profound,",1,3756
prologues,1,3757
"promis'd,",1,3758
promis'd:,1,3759
promise,1,3760
promise.,1,3761
pronounc'd,1,3762
"proofe,",1,3763
proper,1,3764
"prophecying,",1,3765
"prophesie,",1,3766
"prophet-like,",1,3767
prophetique,1,3768
proportion,1,3769
prospect,1,3770
prosperous,1,3771
prosperous),1,3772
"prou'd,",1,3773
"proud,",1,3774
proue,1,3775
"prouide,",1,3776
prouide.,1,3777
prouided,1,3778
prouoke?,1,3779
prouoker,1,3780
prouokes,1,3781
"prouokes,",1,3782
prowesse,1,3783
pull't,1,3784
pure,1,3785
purg'd,1,3786
purgatiue,1,3787
purge,1,3788
"purge,",1,3789
"purpose,",1,3790
purpose:,1,3791
purposes,1,3792
purueyor:,1,3793
puts,1,3794
"pyes,",1,3795
pyramids,1,3796
quarrell.,1,3797
quarrels,1,3798
quarter,1,3799
quarters,1,3800
quartus.,1,3801
queene;,1,3802
quell,1,3803
quench'd,1,3804
question?,1,3805
quickely,1,3806
quickly:,1,3807
quiet:,1,3808
quintus.,1,3809
quit,1,3810
quite,1,3811
quoth,1,3812
rabbles,1,3813
"race,",1,3814
"rage,",1,3815
raine?,1,3816
raise,1,3817
ran,1,3818
rancours,1,3819
ranke,1,3820
"rankes,",1,3821
rarer,1,3822
rat,1,3823
"rather,",1,3824
ratifie,1,3825
rauel'd,1,3826
rauin'd,1,3827
rauishing,1,3828
rawnesse,1,3829
rayne,1,3830
raze,1,3831
read,1,3832
reades,1,3833
"readinesse,",1,3834
reason.,1,3835
reasons,1,3836
rebell,1,3837
"rebell,",1,3838
rebells,1,3839
rebels,1,3840
"rebuk'd,",1,3841
receit,1,3842
receyu'd,1,3843
receyue,1,3844
recklesse,1,3845
reckon,1,3846
recommends,1,3847
recompence,1,3848
reconcil'd,1,3849
reconcile.,1,3850
recorded,1,3851
recoyle,1,3852
"recoyle,",1,3853
red.,1,3854
redoubled,1,3855
"redresse,",1,3856
reeking,1,3857
referr'd,1,3858
"reflection,",1,3859
"refraine,",1,3860
regard,1,3861
regard:,1,3862
"registred,",1,3863
reignes,1,3864
reioycing,1,3865
relate,1,3866
"relate,",1,3867
relation;,1,3868
"relations,",1,3869
rellish,1,3870
remaine,1,3871
remedie,1,3872
remembrancer:,1,3873
"remorse,",1,3874
rendred:,1,3875
renowne,1,3876
rent,1,3877
repeat'st,1,3878
repent,1,3879
repentance:,1,3880
repetition,1,3881
report.,1,3882
reported,1,3883
"reports,",1,3884
repose,1,3885
repose.,1,3886
request,1,3887
requited,1,3888
resembled,1,3889
reseru'd,1,3890
"resolu'd,",1,3891
resolue,1,3892
resolute:,1,3893
"resolution,",1,3894
resounds,1,3895
respect.,1,3896
"rest,",1,3897
rest:,1,3898
rest?,1,3899
restlesse,1,3900
restraine,1,3901
"retreat,",1,3902
return'd?,1,3903
returnes,1,3904
returning,1,3905
retyre,1,3906
"reuenge,",1,3907
reuenge.,1,3908
reuenges,1,3909
reuolt,1,3910
"reuolt,",1,3911
reuolts,1,3912
"rhinoceros,",1,3913
"ribbes,",1,3914
rich,1,3915
rid,1,3916
"riddles,",1,3917
ride,1,3918
"ride,",1,3919
ride?,1,3920
rides,1,3921
right:,1,3922
rightly,1,3923
"ring,",1,3924
ripe,1,3925
ript,1,3926
rises,1,3927
ro.,1,3928
robe,1,3929
robes,1,3930
robes?,1,3931
"rocke,",1,3932
roman,1,3933
ronyon,1,3934
"roof'd,",1,3935
rookes,1,3936
rookie,1,3937
"root,",1,3938
root?,1,3939
"roote,",1,3940
rooted,1,3941
"rore,",1,3942
rost,1,3943
rough,1,3944
roughest,1,3945
round.,1,3946
round:,1,3947
rowse.,1,3948
"rowze,",1,3949
royaltie,1,3950
royalty,1,3951
"rubarb,",1,3952
rubbes,1,3953
rubie,1,3954
rubs,1,3955
rue,1,3956
ruines,1,3957
rule,1,3958
rumor,1,3959
rumour,1,3960
rumpe-fed,1,3961
run,1,3962
rung,1,3963
runnes,1,3964
runs,1,3965
"rush,",1,3966
russian,1,3967
sacred,1,3968
sacrilegious,1,3969
sad,1,3970
safe?,1,3971
safely,1,3972
"safer,",1,3973
safer:,1,3974
safest,1,3975
safetie.,1,3976
safeties:,1,3977
sagge,1,3978
"said,",1,3979
saide,1,3980
saint,1,3981
sainted-king:,1,3982
"sake,",1,3983
salt,1,3984
salutation,1,3985
saluted,1,3986
same,1,3987
sanctity,1,3988
satisfie,1,3989
satisfied.,1,3990
sauage:,1,3991
sauagely,1,3992
saue,1,3993
"saw,",1,3994
sawcy,1,3995
"sawcy,",1,3996
say'st,1,3997
"say't,",1,3998
say),1,3999
say.,1,4000
say:,1,4001
say?,1,4002
saying,1,4003
"sayle,",1,4004
saylors,1,4005
scale,1,4006
"scale,",1,4007
scales,1,4008
scand,1,4009
scap'd,1,4010
scape,1,4011
scarcely,1,4012
scarse,1,4013
scarsely,1,4014
scepter,1,4015
scepters,1,4016
"sceptred,",1,4017
"schreame,",1,4018
schreemes,1,4019
scoena,1,4020
scone,1,4021
scone.,1,4022
scone?,1,4023
scorch'd,1,4024
"score,",1,4025
"scorne,",1,4026
scorne:,1,4027
scorpions,1,4028
scowre,1,4029
screw,1,4030
scruples,1,4031
"scruples,",1,4032
seale,1,4033
seare,1,4034
"seare,",1,4035
seas,1,4036
season,1,4037
season.,1,4038
seated,1,4039
seauenth?,1,4040
secret,1,4041
secret'st,1,4042
"secret,",1,4043
secrets:,1,4044
secundus.,1,4045
security,1,4046
seeking,1,4047
seeling,1,4048
"seem'd,",1,4049
seemeth,1,4050
seest,1,4051
self-abuse,1,4052
"selfe-comparisons,",1,4053
selfe:,1,4054
selfe?,1,4055
sell,1,4056
"selues,",1,4057
"sence,",1,4058
"sences,",1,4059
send:,1,4060
senit,1,4061
sense,1,4062
senses,1,4063
sensible,1,4064
"sent,",1,4065
seperated,1,4066
"serieant,",1,4067
serious,1,4068
seru'd,1,4069
"seruant,",1,4070
"seruants,",1,4071
seruants;,1,4072
serue,1,4073
"serue,",1,4074
seruice,1,4075
seruice.,1,4076
sets,1,4077
"settled,",1,4078
"seu'nights,",1,4079
seuen,1,4080
"sewer,",1,4081
seyt.,1,4082
seyton.,1,4083
seyton?,1,4084
seyw.,1,4085
"shade,",1,4086
shadow,1,4087
"shadowes,",1,4088
shaft,1,4089
shagge-ear'd,1,4090
shakes,1,4091
shakespeare,1,4092
"shaking,",1,4093
"shall,",1,4094
"shame,",1,4095
shape,1,4096
shard-borne,1,4097
share,1,4098
shares,1,4099
sharke:,1,4100
sheath,1,4101
shed,1,4102
shee'l,1,4103
shee'le,1,4104
"shew,",1,4105
shew?,1,4106
shewes,1,4107
shield:,1,4108
"shine,",1,4109
ship-mans,1,4110
shipwracking,1,4111
shooke,1,4112
short,1,4113
"shot,",1,4114
should'st,1,4115
"should,",1,4116
"show,",1,4117
show.,1,4118
"showghes,",1,4119
"shriek'd,",1,4120
shrieks,1,4121
sick,1,4122
sicke,1,4123
sicken,1,4124
sicken:,1,4125
"sides,",1,4126
siedge,1,4127
sigh,1,4128
"sighes,",1,4129
sight.,1,4130
sight:,1,4131
sight?,1,4132
sights.,1,4133
"signe,",1,4134
signes,1,4135
signifying,1,4136
silenc'd,1,4137
silent?,1,4138
siluer,1,4139
since?,1,4140
sinells,1,4141
sinfull,1,4142
sir?,1,4143
"sirra,",1,4144
"sirrha,",1,4145
"sister,",1,4146
sister?,1,4147
sisters,1,4148
sisters.,1,4149
sisters:,1,4150
sisters?,1,4151
skarfe,1,4152
"skie,",1,4153
"skinne,",1,4154
skinnie,1,4155
skipping,1,4156
skirre,1,4157
skreenes,1,4158
slab.,1,4159
"slaine,",1,4160
slaue,1,4161
slaue!,1,4162
slaue:,1,4163
slaues,1,4164
slaughter,1,4165
slaughter'd:,1,4166
slaughterous,1,4167
sleeke,1,4168
sleep,1,4169
sleepe?,1,4170
sleepers,1,4171
sleepes,1,4172
sleeping,1,4173
"sleeping,",1,4174
sleeue,1,4175
slept,1,4176
"slept,",1,4177
"slights,",1,4178
slippes,1,4179
slipt,1,4180
sliuer'd,1,4181
slope,1,4182
slumbry,1,4183
smack,1,4184
smacking,1,4185
smeare,1,4186
smell,1,4187
smells,1,4188
smile,1,4189
smile:,1,4190
smiles,1,4191
smiles;,1,4192
"smiling,",1,4193
smoak'd,1,4194
smoake,1,4195
smother'd,1,4196
smyling,1,4197
snares,1,4198
snores.,1,4199
"snow,",1,4200
so;,1,4201
societie,1,4202
"society,",1,4203
"sodaine,",1,4204
sold,1,4205
sold.,1,4206
soldier,1,4207
"soldiers,",1,4208
"soldiours,",1,4209
sole,1,4210
solely,1,4211
solemne,1,4212
solicites,1,4213
solliciting,1,4214
"sometime,",1,4215
son,1,4216
"son,",1,4217
sorely,1,4218
soris?,1,4219
sorowes,1,4220
sorrow.,1,4221
sorryest,1,4222
sorts,1,4223
soueraignty,1,4224
soueraignty?,1,4225
sought,1,4226
"souldiers,",1,4227
souldiership,1,4228
soules:,1,4229
"sound,",1,4230
sounded.,1,4231
soundly,1,4232
source,1,4233
south,1,4234
sowes,1,4235
sowre,1,4236
space,1,4237
spacious,1,4238
"spaniels,",1,4239
"sparrowes,",1,4240
speak'st.,1,4241
"speak,",1,4242
speake?,1,4243
"speaker,",1,4244
"speakers,",1,4245
"speakes,",1,4246
speaking,1,4247
"speaks,",1,4248
speciall,1,4249
speculation,1,4250
"speculatiue,",1,4251
speech,1,4252
"speech,",1,4253
speech.,1,4254
speech:,1,4255
speeches,1,4256
"speeches,",1,4257
speeches:,1,4258
speed,1,4259
spels,1,4260
spent,1,4261
spent.,1,4262
"spightfull,",1,4263
spirit:,1,4264
"spoke,",1,4265
spot,1,4266
spot:,1,4267
spoyles,1,4268
spungie,1,4269
spurne,1,4270
spurre,1,4271
spurre),1,4272
spurres,1,4273
spy,1,4274
"stablenesse,",1,4275
"stabs,",1,4276
staffe:,1,4277
"stage,",1,4278
stage.,1,4279
stage:,1,4280
"stake,",1,4281
"stalls,",1,4282
stampe,1,4283
stanchlesse,1,4284
"stand,",1,4285
"star'd,",1,4286
starres,1,4287
"starres,",1,4288
starting,1,4289
starts,1,4290
statute,1,4291
staues;,1,4292
stay'd,1,4293
stayes,1,4294
steales,1,4295
stealing,1,4296
stealthy,1,4297
"steed,",1,4298
steep'd,1,4299
"step,",1,4300
"steps,",1,4301
stept,1,4302
stern'st,1,4303
sticke,1,4304
stickes,1,4305
still.,1,4306
still;,1,4307
"sting,",1,4308
"stirring,",1,4309
stirring?,1,4310
stole,1,4311
stolne,1,4312
"stone,",1,4313
stoole,1,4314
stooles.,1,4315
stopt,1,4316
"stopt,",1,4317
store-house,1,4318
"stormes,",1,4319
story,1,4320
"story,",1,4321
stout,1,4322
straight,1,4323
straight:,1,4324
"strange,",1,4325
strangles,1,4326
streakes,1,4327
"streames,",1,4328
"strength,",1,4329
stretch,1,4330
striding,1,4331
stroake,1,4332
strooke,1,4333
struck,1,4334
struts,1,4335
stuck,1,4336
studied,1,4337
stuffe,1,4338
stuffe:,1,4339
stufft,1,4340
"subborned,",1,4341
subiect,1,4342
"subiect,",1,4343
"substances,",1,4344
"subtle,",1,4345
succeede,1,4346
succeeding,1,4347
succeeding:,1,4348
"successe,",1,4349
"sucke,",1,4350
suffer,1,4351
suffering,1,4352
"suggestion,",1,4353
"summer,",1,4354
summer-seeming,1,4355
summers,1,4356
"sun,",1,4357
supernaturall,1,4358
supper.,1,4359
"supply'd,",1,4360
supplyes,1,4361
supt,1,4362
supt:,1,4363
"surcease,",1,4364
surfeted,1,4365
surgeons.,1,4366
"surgery,",1,4367
"surmise,",1,4368
surpriz'd:,1,4369
surprize.,1,4370
surueying,1,4371
suspition,1,4372
sutes,1,4373
swallow,1,4374
swarme,1,4375
sway,1,4376
"sway,",1,4377
swear,1,4378
sweare,1,4379
"sweares,",1,4380
sweat,1,4381
sweaten,1,4382
sweepe,1,4383
sweeten,1,4384
sweeter,1,4385
sweetly,1,4386
swelling,1,4387
swells:,1,4388
sweltred,1,4389
"sweno,",1,4390
swift,1,4391
swiftest,1,4392
"swimmers,",1,4393
swine,1,4394
swinish,1,4395
swolne,1,4396
swoope?,1,4397
sword;,1,4398
sword?,1,4399
sworne,1,4400
syue,1,4401
syw.,1,4402
table,1,4403
table's,1,4404
"table,",1,4405
tables,1,4406
taint,1,4407
"taints,",1,4408
"take't,",1,4409
taking,1,4410
talk'st?,1,4411
talke,1,4412
taper.,1,4413
tarquins,1,4414
tarrying,1,4415
tartars,1,4416
taste,1,4417
"taught,",1,4418
"tayle,",1,4419
taylor,1,4420
"taylor,",1,4421
teare,1,4422
"teare,",1,4423
tearmes,1,4424
tedious,1,4425
teemes,1,4426
teeth,1,4427
tell:,1,4428
tels,1,4429
"temp'rance,",1,4430
"temp'rate,",1,4431
temper,1,4432
tempest-tost.,1,4433
"temple,",1,4434
temple-haunting,1,4435
tend,1,4436
"tending,",1,4437
"terrible,",1,4438
tertius.,1,4439
th'art,1,4440
th'hadst,1,4441
than,1,4442
theame.,1,4443
thee?,1,4444
theefe,1,4445
"theft,",1,4446
theirs,1,4447
"theirs,",1,4448
then?,1,4449
thence?,1,4450
"there,",1,4451
there.,1,4452
thereby,1,4453
therein,1,4454
thereto,1,4455
"therewithall,",1,4456
"these,",1,4457
"they,",1,4458
they?,1,4459
"thicke,",1,4460
thicke-comming,1,4461
"thickens,",1,4462
"things,",1,4463
things:,1,4464
"think'st,",1,4465
thinke),1,4466
thinkes,1,4467
"third,",1,4468
"thirst,",1,4469
thirty,1,4470
thither:,1,4471
thoght,1,4472
thou'dst,1,4473
thou'lt,1,4474
thou'rt,1,4475
"thou,",1,4476
thou?,1,4477
thought),1,4478
thought:,1,4479
thould'st,1,4480
thousands.,1,4481
thralles,1,4482
"threat,",1,4483
threatens,1,4484
threescore,1,4485
"thrice,",1,4486
thriftlesse,1,4487
throbs,1,4488
throne,1,4489
thrusts,1,4490
"thumbe,",1,4491
"thumbes,",1,4492
"thunder,",1,4493
thunders:,1,4494
thus.,1,4495
thus:,1,4496
tidings?,1,4497
tied,1,4498
"tiger,",1,4499
tiger:,1,4500
tigers,1,4501
time),1,4502
"times,",1,4503
tis,1,4504
"title,",1,4505
"titles,",1,4506
to'th',1,4507
"toad,",1,4508
toe,1,4509
"toe,",1,4510
together?,1,4511
toile,1,4512
told,1,4513
"told,",1,4514
tongue.,1,4515
tooth,1,4516
tooth.,1,4517
top-full,1,4518
topple,1,4519
torch,1,4520
torture,1,4521
touch,1,4522
touch'd,1,4523
"touch,",1,4524
touch.,1,4525
towring,1,4526
toyes:,1,4527
trace,1,4528
"trade,",1,4529
trade;,1,4530
trafficke,1,4531
"traines,",1,4532
traitor,1,4533
traitor?,1,4534
"traitors,",1,4535
trammell,1,4536
transport,1,4537
transported,1,4538
transpose;,1,4539
trauailing,1,4540
traueller,1,4541
"traytor,",1,4542
treacherous,1,4543
treachery?,1,4544
treade,1,4545
"treason,",1,4546
treasonous,1,4547
treasons,1,4548
"treasons,",1,4549
treasure,1,4550
treatise,1,4551
trebble,1,4552
trecherie!,1,4553
tremble.,1,4554
trembling,1,4555
trenched,1,4556
trifle,1,4557
trifled,1,4558
"trifles,",1,4559
troopes,1,4560
trouble;,1,4561
troubles,1,4562
troubles:,1,4563
true:,1,4564
true?,1,4565
truest,1,4566
trumpet,1,4567
trumpet-tongu'd,1,4568
trumpets,1,4569
trust.,1,4570
trust;,1,4571
"truth,",1,4572
truth.,1,4573
truth?,1,4574
truths,1,4575
"truths,",1,4576
try,1,4577
tuesday,1,4578
tugg'd,1,4579
tumble,1,4580
tune,1,4581
"turke,",1,4582
turn'd,1,4583
turnes,1,4584
turning,1,4585
twaine,1,4586
twelue,1,4587
twice,1,4588
two-fold,1,4589
two:,1,4590
tydings,1,4591
tye,1,4592
"tyranny,",1,4593
tyranny:,1,4594
"tyrrany,",1,4595
"valiant,",1,4596
valours,1,4597
valued,1,4598
vanish'd.,1,4599
vanish'd?,1,4600
vanquish'd,1,4601
vantage;,1,4602
vap'rous,1,4603
"vault,",1,4604
vaulting,1,4605
venture,1,4606
verities,1,4607
"verity,",1,4608
"vertue,",1,4609
vertues,1,4610
vertuous,1,4611
vessell,1,4612
"vessels,",1,4613
vice,1,4614
vices,1,4615
victorie,1,4616
viewing,1,4617
vile,1,4618
villaine?,1,4619
villanies,1,4620
"vision,",1,4621
visited,1,4622
visitings,1,4623
vizards,1,4624
"vlcerous,",1,4625
"vnaccompanied,",1,4626
vnattended.,1,4627
vnbattered,1,4628
vnbecomming,1,4629
vnbend,1,4630
vndaunted,1,4631
vndeeded.,1,4632
vnder't.,1,4633
"vnder-writ,",1,4634
vnderstand,1,4635
vnderstood,1,4636
vndivulg'd,1,4637
vndon.,1,4638
vnfelt,1,4639
vnfold,1,4640
vnfortunate,1,4641
vnguarded,1,4642
vnity,1,4643
vniuersall,1,4644
vniust,1,4645
"vnkindnesse,",1,4646
vnkle,1,4647
vnkle),1,4648
vnlesse,1,4649
vnlineall,1,4650
vnlocke,1,4651
vnmake,1,4652
vnmann'd,1,4653
vnmannerly,1,4654
"vnnaturall,",1,4655
"vnprepar'd,",1,4656
vnprouokes:,1,4657
vnreall,1,4658
vnruffe,1,4659
vnruly:,1,4660
vnsafe,1,4661
"vnsanctified,",1,4662
vnseam'd,1,4663
vnsex,1,4664
vnshrinking,1,4665
vnspeake,1,4666
vnsure,1,4667
vntill,1,4668
vntitled,1,4669
vntye,1,4670
vnusuall,1,4671
vnwelcom,1,4672
"vnwip'd,",1,4673
voice,1,4674
volume,1,4675
voluptuousnesse:,1,4676
"vouch'd,",1,4677
voyce,1,4678
voyces,1,4679
vp.,1,4680
vpbraid,1,4681
vplifted,1,4682
"vpon't,",1,4683
vpon't.,1,4684
vppon,1,4685
vprore,1,4686
"vpward,",1,4687
vrine.,1,4688
vs.,1,4689
vse.,1,4690
vse:,1,4691
vsing,1,4692
"vsually,",1,4693
vsurpers,1,4694
vtterance.,1,4695
vulnerable,1,4696
vulture,1,4697
wade,1,4698
waile;,1,4699
waite,1,4700
wakes,1,4701
walk'd,1,4702
walk'd?,1,4703
"walke,",1,4704
walke.,1,4705
walking,1,4706
"walking,",1,4707
walkt,1,4708
"walls,",1,4709
want,1,4710
wanton,1,4711
warder,1,4712
warders,1,4713
warrant,1,4714
warranted,1,4715
"warre,",1,4716
warre.,1,4717
"was,",1,4718
washing,1,4719
"wassell,",1,4720
wastfull,1,4721
watch'd,1,4722
"watch,",1,4723
watchers:,1,4724
watchfull,1,4725
watching.,1,4726
"water,",1,4727
"water-rugs,",1,4728
waues,1,4729
way:,1,4730
way?,1,4731
wayes,1,4732
wayes.,1,4733
wayes:,1,4734
wayle,1,4735
wayting,1,4736
wayward,1,4737
"we,",1,4738
"weake,",1,4739
weake:,1,4740
"weale,",1,4741
weale:,1,4742
wealth,1,4743
weapons,1,4744
weares,1,4745
wee'ld,1,4746
weeds:,1,4747
"weepes,",1,4748
weighes,1,4749
weightie,1,4750
"welcome,",1,4751
welcome.,1,4752
well:,1,4753
wer't,1,4754
"were,",1,4755
west,1,4756
westerne,1,4757
whay-face?,1,4758
when?,1,4759
where's,1,4760
"where-about,",1,4761
"where-euer,",1,4762
where.,1,4763
where?,1,4764
whereby,1,4765
wherein,1,4766
whereon,1,4767
wherewith,1,4768
whetstone,1,4769
"which,",1,4770
"while,",1,4771
whilest,1,4772
whin'd,1,4773
whisp'rings,1,4774
whispers,1,4775
white.,1,4776
wholsome,1,4777
whom?,1,4778
whore:,1,4779
"why,",1,4780
widdowes,1,4781
wife?,1,4782
wil.,1,4783
will),1,4784
william,1,4785
willing,1,4786
win,1,4787
winde,1,4788
"winde,",1,4789
"windes,",1,4790
wine,1,4791
wing:,1,4792
winke,1,4793
winne.,1,4794
winters,1,4795
wip'd,1,4796
"wisdome,",1,4797
wisedom?,1,4798
wisely,1,4799
wishest,1,4800
wit,1,4801
"wit,",1,4802
"witch,",1,4803
witchcraft,1,4804
"witches,",1,4805
withall,1,4806
withall.,1,4807
withall:,1,4808
wither'd,1,4809
"wither'd,",1,4810
"within,",1,4811
"without,",1,4812
witnest,1,4813
"wiues,",1,4814
wofull,1,4815
"woman,",1,4816
woman;,1,4817
womanly,1,4818
womb,1,4819
women.,1,4820
wonder,1,4821
wonder?,1,4822
wonders,1,4823
wonne,1,4824
wonne.,1,4825
"wood,",1,4826
wood:,1,4827
wooingly,1,4828
wooll,1,4829
"word,",1,4830
words;,1,4831
worke,1,4832
worke),1,4833
"worke,",1,4834
worke:,1,4835
world:,1,4836
worlds,1,4837
worme,1,4838
"wormes,",1,4839
worne,1,4840
"worse,",1,4841
"worst,",1,4842
worst:,1,4843
"worth,",1,4844
worthyest,1,4845
wounds.,1,4846
"wrackt,",1,4847
wrapt,1,4848
"wrath,",1,4849
"wrathfull,",1,4850
wren,1,4851
wrencht,1,4852
write,1,4853
writes,1,4854
written,1,4855
wrongly,1,4856
"wrongs,",1,4857
yawning,1,4858
yell'd,1,4859
yellow,1,4860
yesterday,1,4861
"yesterdayes,",1,4862
yesty,1,4863
yet.,1,4864
yet?,1,4865
"yew,",1,4866
"ynch,",1,4867
"yoake,",1,4868
"yong,",1,4869
you'le,1,4870
you),1,4871
youl'd,1,4872
yours,1,4873
"yours,",1,4874
yours:,1,4875
youth.,1,4876
"youths,",1,4877
